Day,Campaign name,Amount spent (AUD),Impressions,Reach,Link clicks,Purchases,Purchases conversion value
2025-08-01,Instagram post: The Stunning 😍  Award winning...,12.24,2560,2293,60,,
2025-08-01,Instagram post: The Stunning 😍  Award winning...,5.93,376,362,7,,
2025-08-01,Instagram post: The Stunning 😍  Award winning...,5.83,428,406,12,,
2025-08-02,Instagram post: The Stunning 😍  Award winning...,8.68,1683,1526,30,,
2025-08-02,Instagram post: The Stunning 😍  Award winning...,16.94,942,850,41,,
2025-08-02,Instagram post: The Stunning 😍  Award winning...,17.67,1267,1110,57,,
2025-08-03,Instagram post: The Stunning 😍  Award winning...,8.21,1730,1628,38,,
2025-08-03,Instagram post: The Stunning 😍  Award winning...,15.75,965,904,29,,
2025-08-03,Instagram post: The Stunning 😍  Award winning...,15.65,1376,1266,66,,
2025-08-04,Instagram post: The Stunning 😍  Award winning...,15.27,820,775,27,,
2025-08-04,Instagram post: The Stunning 😍  Award winning...,14.32,1298,1193,46,,
2025-08-04,Instagram post: The Stunning 😍  Award winning...,13.33,1023,893,38,,
2025-08-05,Instagram post: The Stunning 😍  Award winning...,14.23,750,706,20,,
2025-08-05,Instagram post: The Stunning 😍  Award winning...,14.17,1242,1200,33,,
2025-08-05,Instagram post: The Stunning 😍  Award winning...,22.8,1773,1552,70,,
2025-08-05,Instagram post: The very trendy and versatile...,8.84,583,543,21,,
2025-08-06,Instagram post: The Stunning 😍  Award winning...,6.52,331,309,9,,
2025-08-06,Instagram post: The Stunning 😍  Award winning...,7.23,595,564,18,,
2025-08-06,Instagram post: The Stunning 😍  Award winning...,19,1347,1220,48,,
2025-08-06,Instagram post: The very trendy and versatile...,12.88,838,762,22,,
2025-08-07,Instagram post: The Stunning 😍  Award winning...,21.74,1591,1448,67,,
2025-08-07,Instagram post: The very trendy and versatile...,15.23,946,846,35,,
2025-08-08,Instagram post: The Stunning 😍  Award winning...,20.94,1575,1495,49,,
2025-08-08,Instagram post: The very trendy and versatile...,15.9,909,825,32,,
2025-08-08,Instagram post: ✅️ GOTS certified 100% organic...,8.89,652,613,11,,
2025-08-08,Instagram Post,7.89,439,414,10,,
2025-08-09,Instagram post: The Stunning 😍  Award winning...,21.19,1654,1550,41,,
2025-08-09,Instagram post: The very trendy and versatile...,16.29,1015,961,41,,
2025-08-09,Instagram post: ✅️ GOTS certified 100% organic...,18.61,1506,1440,26,,
2025-08-09,Instagram Post,15.24,756,672,27,,
2025-08-09,Instagram post: The very trendy and versatile...,0.45,54,53,,,
2025-08-10,Instagram post: The Stunning 😍  Award winning...,6.95,464,453,18,,
2025-08-10,Instagram post: The very trendy and versatile...,16.76,1066,1014,41,,
2025-08-10,Instagram post: ✅️ GOTS certified 100% organic...,19.42,1714,1612,30,,
2025-08-10,Instagram Post,18.01,861,783,33,,
2025-08-10,Instagram post: The very trendy and versatile...,16.86,1592,1392,52,,
2025-08-11,Instagram post: The very trendy and versatile...,14.38,907,831,27,,
2025-08-11,Instagram post: ✅️ GOTS certified 100% organic...,17.67,1356,1280,28,,
2025-08-11,Instagram Post,15.13,897,837,16,,
2025-08-11,Instagram post: The very trendy and versatile...,15.89,1694,1639,48,,
2025-08-12,Instagram post: The very trendy and versatile...,4.58,282,276,5,,
2025-08-12,Instagram post: ✅️ GOTS certified 100% organic...,16.48,1500,1420,20,,
2025-08-12,Instagram Post,14.77,758,681,19,,
2025-08-12,Instagram post: The very trendy and versatile...,14.88,1494,1392,35,,
2025-08-12,Instagram post: ✅️ 100% GOTS Certified Organic...,7.76,581,551,11,,
2025-08-13,Instagram post: ✅️ GOTS certified 100% organic...,15.45,1410,1366,24,,
2025-08-13,Instagram Post,14.14,780,734,21,,
2025-08-13,Instagram post: The very trendy and versatile...,14.39,1272,1212,31,,
2025-08-13,Instagram post: ✅️ 100% GOTS Certified Organic...,9.81,762,716,6,,
2025-08-13,Instagram post: The very trendy and versatile...,7.93,783,743,28,,
2025-08-14,Instagram post: ✅️ GOTS certified 100% organic...,5.43,479,463,9,,
2025-08-14,Instagram Post,4.78,241,229,5,,
2025-08-14,Instagram post: The very trendy and versatile...,15.26,1213,1180,33,,
2025-08-14,Instagram post: ✅️ 100% GOTS Certified Organic...,11.34,883,841,16,,
2025-08-14,Instagram post: The very trendy and versatile...,10.02,904,855,32,,
2025-08-15,Instagram post: The very trendy and versatile...,12.03,1047,985,23,,
2025-08-15,Instagram post: ✅️ 100% GOTS Certified Organic...,11.96,1211,1154,18,,
2025-08-15,Instagram post: The very trendy and versatile...,12.14,1033,972,55,,
2025-08-16,Instagram post: ✅️ 100% GOTS Certified Organic...,12.6,879,838,16,,
2025-08-16,Instagram post: The very trendy and versatile...,12.79,1078,1014,53,,
2025-08-17,Instagram post: ✅️ 100% GOTS Certified Organic...,11.09,848,831,12,,
2025-08-17,Instagram post: The very trendy and versatile...,11.03,941,863,37,,
2025-08-18,Instagram post: ✅️ 100% GOTS Certified Organic...,1.41,123,121,4,,
2025-08-18,Instagram post: The very trendy and versatile...,10.6,853,797,48,,
2025-08-18,Instagram post: The very trendy and versatile...,8.99,768,724,9,,
2025-08-19,Instagram post: The very trendy and versatile...,1.34,112,109,2,,
2025-08-19,Instagram post: The very trendy and versatile...,22.96,2062,1994,41,,
2025-08-20,Instagram post: The very trendy and versatile...,19.05,1606,1497,47,,
2025-08-21,Instagram post: The very trendy and versatile...,20.03,1609,1518,46,,
2025-08-21,Instagram post: The very trendy and versatile...,10.7,802,759,8,,
2025-08-21,Instagram post: The very trendy and versatile...,5.73,457,433,15,,
2025-08-22,Instagram post: The very trendy and versatile...,20.24,1677,1599,48,,
2025-08-22,Instagram post: The very trendy and versatile...,29.52,1667,1524,33,,
2025-08-22,Instagram post: The very trendy and versatile...,21.67,1699,1547,39,,
2025-08-22,Instagram post: 🎊🎊🎊 COCOON manual & full electric...,14.41,1160,1079,66,,
2025-08-23,Instagram post: The very trendy and versatile...,21.34,1818,1721,42,,
2025-08-23,Instagram post: The very trendy and versatile...,30.07,1724,1547,33,,
2025-08-23,Instagram post: The very trendy and versatile...,22.68,1883,1746,44,,
2025-08-23,Instagram post: 🎊🎊🎊 COCOON manual & full electric...,24.29,1935,1673,109,,
2025-08-24,Instagram post: The very trendy and versatile...,21.68,2113,1965,42,,
2025-08-24,Instagram post: The very trendy and versatile...,32.91,2230,1979,47,,
2025-08-24,Instagram post: The very trendy and versatile...,24.37,2197,2038,63,,
2025-08-24,Instagram post: 🎊🎊🎊 COCOON manual & full electric...,27.34,2235,1998,118,,
2025-08-25,Instagram post: The very trendy and versatile...,12.61,1245,1223,31,,
2025-08-25,Instagram post: The very trendy and versatile...,31.13,1675,1518,33,,
2025-08-25,Instagram post: The very trendy and versatile...,21.7,2052,1901,49,,
2025-08-25,Instagram post: 🎊🎊🎊 COCOON manual & full electric...,22.7,1773,1597,73,,
2025-08-26,Instagram post: The very trendy and versatile...,29.58,1598,1432,29,,
2025-08-26,Instagram post: The very trendy and versatile...,13.83,1362,1307,41,,
2025-08-26,Instagram post: 🎊🎊🎊 COCOON manual & full electric...,23.87,1778,1639,85,,
2025-08-27,Instagram post: The very trendy and versatile...,27.94,1743,1621,27,,
2025-08-27,Instagram post: 🎊🎊🎊 COCOON manual & full electric...,23.59,1812,1601,74,,
2025-08-27,Instagram post: The very trendy and versatile...,0.05,13,13,1,,
2025-08-28,Instagram post: The very trendy and versatile...,17.93,1066,947,21,,
2025-08-28,Instagram post: 🎊🎊🎊 COCOON manual & full electric...,23.02,1787,1580,69,,
2025-08-28,Instagram post: The very trendy and versatile...,21.9,1943,1730,48,,
2025-08-29,Instagram post: 🎊🎊🎊 COCOON manual & full electric...,8.74,623,587,19,,
2025-08-29,Instagram post: The very trendy and versatile...,24.08,1951,1756,49,,
2025-08-30,Instagram post: The very trendy and versatile...,26.49,2089,1868,54,,
2025-08-31,Instagram post: The very trendy and versatile...,25.13,2017,1828,54,,
2025-09-01,Instagram post: The very trendy and versatile...,24.39,2080,1896,55,,
2025-09-02,Instagram post: The very trendy and versatile...,24.13,1828,1666,42,,
2025-09-03,Instagram post: The very trendy and versatile...,21.62,1530,1382,43,,
2025-09-08,Instagram post: The very trendy and versatile...,7.71,691,647,29,,
2025-09-09,Instagram post: The very trendy and versatile...,9.59,758,681,37,,
2025-09-10,Instagram post: The very trendy and versatile...,8.86,730,664,17,,
2025-09-10,Instagram post: 🎊🎊🎊 COCOON manual & full electric...,12.52,811,686,25,,
2025-09-11,Instagram post: The very trendy and versatile...,10.02,738,650,18,,
2025-09-11,Instagram post: 🎊🎊🎊 COCOON manual & full electric...,24.71,1197,778,49,,
2025-09-12,Instagram post: The very trendy and versatile...,3.73,221,210,8,,
2025-09-12,Instagram post: 🎊🎊🎊 COCOON manual & full electric...,28.93,1326,959,60,,
2025-09-13,Instagram post: 🎊🎊🎊 COCOON manual & full electric...,25.67,1289,861,58,,
2025-09-14,Instagram post: 🎊🎊🎊 COCOON manual & full electric...,23.86,1155,863,48,,
2025-09-15,Instagram post: 🎊🎊🎊 COCOON manual & full electric...,21.91,1119,828,42,,
2025-09-15,Instagram Post,11.71,633,460,14,,
2025-09-16,Instagram post: 🎊🎊🎊 COCOON manual & full electric...,22.62,1277,910,44,,
2025-09-16,Instagram Post,12.46,480,386,10,,
2025-09-17,Instagram post: 🎊🎊🎊 COCOON manual & full electric...,5.76,338,284,7,,
2025-09-17,Instagram Post,5.03,276,232,4,,
2025-09-18,Instagram Post,7.95,345,265,1,,
2025-09-19,Instagram Post,62.85,56933,46519,355,,
2025-09-20,Instagram post: 🎊🎊🎊 COCOON manual & full electric...,0,0,0,,1,1071.85
2025-10-03,Instagram post: ✨️✨️✨️ COCOON ALLURE 4 in 1......,24.4,1411,1083,41,,
2025-10-03,Instagram post: The very trendy and versatile...,26.35,935,669,14,,
2025-10-04,Instagram post: ✨️✨️✨️ COCOON ALLURE 4 in 1......,28.16,1710,1370,36,,
2025-10-04,Instagram post: The very trendy and versatile...,32.18,1076,763,17,,
2025-10-04,Instagram post: 🎊🎊🎊 COCOON manual & full electric...,34.08,1737,1096,83,,
2025-10-05,Instagram post: ✨️✨️✨️ COCOON ALLURE 4 in 1......,30.63,1628,1282,46,,
2025-10-05,Instagram post: The very trendy and versatile...,32.46,1003,709,17,,
2025-10-05,Instagram post: 🎊🎊🎊 COCOON manual & full electric...,34.38,1883,1260,87,,
2025-10-06,Instagram post: ✨️✨️✨️ COCOON ALLURE 4 in 1......,23.15,1300,966,30,,
2025-10-06,Instagram post: The very trendy and versatile...,23.21,814,559,7,,
2025-10-06,Instagram post: 🎊🎊🎊 COCOON manual & full electric...,25.74,1380,1001,58,,
2025-10-07,Instagram post: ✨️✨️✨️ COCOON ALLURE 4 in 1......,22.46,970,660,28,,
2025-10-07,Instagram post: The very trendy and versatile...,25.34,761,503,20,,
2025-10-07,Instagram post: 🎊🎊🎊 COCOON manual & full electric...,24.7,1259,923,50,1,731.23
2025-10-08,Instagram post: ✨️✨️✨️ COCOON ALLURE 4 in 1......,26.49,980,681,22,,
2025-10-08,Instagram post: The very trendy and versatile...,29.35,771,468,6,,
2025-10-08,Instagram post: 🎊🎊🎊 COCOON manual & full electric...,34.1,1402,936,53,2,1811.36
2025-10-09,Instagram post: ✨️✨️✨️ COCOON ALLURE 4 in 1......,25.22,990,754,17,,
2025-10-09,Instagram post: The very trendy and versatile...,24.7,725,484,6,,
2025-10-09,Instagram post: 🎊🎊🎊 COCOON manual & full electric...,42.16,1969,1442,64,1,1261.84
2025-10-09,RB_Cocoon_Sales_081025,15.58,998,640,21,,
2025-10-10,Instagram post: ✨️✨️✨️ COCOON ALLURE 4 in 1......,0.81,33,31,2,,
2025-10-10,Instagram post: The very trendy and versatile...,1.87,47,41,1,,
2025-10-10,Instagram post: 🎊🎊🎊 COCOON manual & full electric...,19.88,899,664,31,,
2025-10-10,RB_Cocoon_Sales_081025,19.1,869,540,40,,
2025-10-11,Instagram post: 🎊🎊🎊 COCOON manual & full electric...,0.86,33,29,,,
2025-10-12,RB_Cocoon_Sales_081025,0,0,0,,0,6.74
2025-10-13,Instagram post: 🎊🎊🎊 COCOON manual & full electric...,41.67,2203,1476,74,,
2025-10-14,Instagram post: 🎊🎊🎊 COCOON manual & full electric...,33.29,1743,1193,47,,
2025-10-15,Instagram post: 🎊🎊🎊 COCOON manual & full electric...,28.38,1331,883,48,,
2025-10-15,Instagram post: 💕❤️💕 Changes happen anywhere. The...,0.03,1,1,,,
2025-10-16,Instagram post: 🎊🎊🎊 COCOON manual & full electric...,28.87,1369,928,50,,
2025-10-16,Instagram post: 💕❤️💕 Changes happen anywhere. The...,13.09,749,535,8,,
2025-10-17,Instagram post: 🎊🎊🎊 COCOON manual & full electric...,26.84,1246,863,30,,
2025-10-17,Instagram post: 💕❤️💕 Changes happen anywhere. The...,18.72,995,754,10,,
2025-10-18,Instagram post: 🎊🎊🎊 COCOON manual & full electric...,33.61,1522,1105,58,,
2025-10-18,Instagram post: 💕❤️💕 Changes happen anywhere. The...,20.4,948,720,15,,
2025-10-18,Instagram post: The very trendy and versatile...,23.58,1240,1028,23,,
2025-10-18,Instagram post: The very trendy and versatile...,29.16,1103,801,5,,
2025-10-18,Instagram post: The very trendy and versatile...,23.41,1214,966,28,,
2025-10-19,Instagram post: 🎊🎊🎊 COCOON manual & full electric...,23.76,1095,841,35,,
2025-10-19,Instagram post: 💕❤️💕 Changes happen anywhere. The...,22.6,817,662,16,,
2025-10-19,Instagram post: The very trendy and versatile...,25.46,1126,923,23,,
2025-10-19,Instagram post: The very trendy and versatile...,36.9,983,635,7,,
2025-10-19,Instagram post: The very trendy and versatile...,86.65,2069,1533,35,,
2025-10-20,Instagram post: 💕❤️💕 Changes happen anywhere. The...,28.76,830,653,11,,
2025-10-20,Instagram post: The very trendy and versatile...,24.91,1213,982,29,,
2025-10-20,Instagram post: The very trendy and versatile...,46.85,634,435,3,,
2025-10-20,Instagram post: The very trendy and versatile...,61.25,1106,819,27,,
2025-10-21,Instagram post: 💕❤️💕 Changes happen anywhere. The...,26.06,829,671,12,,
2025-10-21,Instagram post: The very trendy and versatile...,26.38,1252,1066,28,,
2025-10-21,Instagram post: The very trendy and versatile...,24.29,468,308,,,
2025-10-21,Instagram post: The very trendy and versatile...,24.47,447,316,8,,
2025-10-22,Instagram post: 💕❤️💕 Changes happen anywhere. The...,23.55,639,479,15,,
2025-10-22,Instagram post: The very trendy and versatile...,21.2,972,823,24,,
2025-10-22,Instagram post: The very trendy and versatile...,23.3,459,296,4,,
2025-10-22,Instagram post: The very trendy and versatile...,3.88,154,124,5,,
2025-10-23,Instagram post: 💕❤️💕 Changes happen anywhere. The...,14.35,596,448,17,,
2025-10-23,Instagram post: The very trendy and versatile...,2.44,129,122,5,,
2025-10-23,Instagram post: The very trendy and versatile...,18.97,406,258,3,,
2025-10-23,Instagram post: The very trendy and versatile...,36.71,1556,1145,39,,
2025-10-24,Instagram post: 💕❤️💕 Changes happen anywhere. The...,13.15,472,367,6,,
2025-10-24,Instagram post: The very trendy and versatile...,9.87,360,270,2,,
2025-10-24,Instagram post: The very trendy and versatile...,42.18,1603,1205,39,,
2025-10-24,Instagram post: 🎊🎊🎊 COCOON manual & full electric...,25.7,1257,1001,47,,
2025-10-25,Instagram post: 💕❤️💕 Changes happen anywhere. The...,8.98,375,302,5,,
2025-10-25,Instagram post: The very trendy and versatile...,2,90,83,2,,
2025-10-25,Instagram post: The very trendy and versatile...,50.73,1741,1243,45,,
2025-10-25,Instagram post: 🎊🎊🎊 COCOON manual & full electric...,31.21,1420,1010,50,,
2025-10-26,Instagram post: The very trendy and versatile...,54.7,1670,1164,56,,
2025-10-26,Instagram post: 🎊🎊🎊 COCOON manual & full electric...,33.4,1408,966,67,,
2025-10-27,Instagram post: The very trendy and versatile...,15.16,517,445,9,,
2025-10-27,Instagram post: 🎊🎊🎊 COCOON manual & full electric...,30.3,1400,967,50,,
2025-10-28,Instagram post: 🎊🎊🎊 COCOON manual & full electric...,32.76,1448,1023,72,1,1038.38
2025-10-29,Instagram post: 🎊🎊🎊 COCOON manual & full electric...,28.58,1368,974,38,,
2025-10-30,Instagram post: 🎊🎊🎊 COCOON manual & full electric...,25.89,1179,820,39,,
2025-10-31,Instagram post: 🎊🎊🎊 COCOON manual & full electric...,8.96,354,309,16,,
2025-11-06,Instagram Post,12.08,535,411,14,1,185.35
2025-11-07,Instagram Post,34.26,1302,869,21,,
2025-11-08,Instagram Post,33.23,1319,917,28,,
2025-11-09,Instagram Post,29,1300,937,15,,
2025-11-10,Instagram Post,33.36,1303,929,21,1,878.3
2025-11-11,Instagram Post,13.03,558,426,8,,
2025-11-20,RB_Cocoon_Sales_081025,28.74,1568,900,32,,
2025-11-20,Instagram post: 🎊🎊🎊 COCOON manual & full electric...,25.83,1039,835,53,,
2025-11-21,RB_Cocoon_Sales_081025,22.19,1320,820,13,,
2025-11-21,Instagram post: 🎊🎊🎊 COCOON manual & full electric...,34.02,1247,918,72,,
2025-11-22,RB_Cocoon_Sales_081025,21.61,1188,803,22,0,99.84
2025-11-22,Instagram post: 🎊🎊🎊 COCOON manual & full electric...,28.32,942,773,37,,
2025-11-22,RB | Sales | Adv+ | Black Friday Sale | 211125,33.44,1348,636,19,,
2025-11-23,RB_Cocoon_Sales_081025,31.45,1277,697,26,,
2025-11-23,Instagram post: 🎊🎊🎊 COCOON manual & full electric...,41.34,1404,1008,90,,
2025-11-23,RB | Sales | Adv+ | Black Friday Sale | 211125,51.12,2352,892,27,,
2025-11-24,RB_Cocoon_Sales_081025,29.26,1400,789,26,,
2025-11-24,Instagram post: 🎊🎊🎊 COCOON manual & full electric...,40.88,1258,943,72,,
2025-11-24,RB | Sales | Adv+ | Black Friday Sale | 211125,50.81,2003,702,16,,
2025-11-25,RB_Cocoon_Sales_081025,24.51,1531,964,36,,
2025-11-25,Instagram post: 🎊🎊🎊 COCOON manual & full electric...,36.84,1149,866,63,,
2025-11-25,RB | Sales | Adv+ | Black Friday Sale | 211125,51.02,1812,615,17,,
2025-11-25,Instagram post: The very trendy and versatile...,14.68,507,435,16,,
2025-11-25,Instagram post: The very trendy and versatile...,14.46,367,310,6,,
2025-11-26,RB_Cocoon_Sales_081025,24.81,1630,1000,23,,
2025-11-26,Instagram post: 🎊🎊🎊 COCOON manual & full electric...,41.2,1122,809,76,,
2025-11-26,RB | Sales | Adv+ | Black Friday Sale | 211125,51.93,2118,800,16,,
2025-11-26,Instagram post: The very trendy and versatile...,35.77,1036,757,23,,
2025-11-26,Instagram post: The very trendy and versatile...,37.86,743,484,8,,
2025-11-26,Instagram post: The very trendy and versatile...,32.24,715,576,20,,
2025-11-27,RB_Cocoon_Sales_081025,26.59,1582,904,23,,
2025-11-27,Instagram post: 🎊🎊🎊 COCOON manual & full electric...,17.1,433,375,21,,
2025-11-27,RB | Sales | Adv+ | Black Friday Sale | 211125,47.86,1832,693,12,,
2025-11-27,Instagram post: The very trendy and versatile...,37.25,900,728,19,,
2025-11-27,Instagram post: The very trendy and versatile...,39.82,598,435,10,,
2025-11-27,Instagram post: The very trendy and versatile...,48.12,939,740,40,,
2025-11-27,RB | Sales | IB | ABO | 261125,50.44,1441,988,13,,
2025-11-27,Instagram Post,12.64,243,207,3,,
2025-11-27,Instagram post: 🇦🇺 PROUDLY AUSTRALIAN MADE...,17.02,371,284,5,,
2025-11-28,RB_Cocoon_Sales_081025,27.06,1302,773,33,1,317.45
2025-11-28,RB | Sales | Adv+ | Black Friday Sale | 211125,34.68,1165,476,6,,
2025-11-28,Instagram post: The very trendy and versatile...,42.41,757,597,25,1,735.7
2025-11-28,Instagram post: The very trendy and versatile...,45.17,524,338,10,,
2025-11-28,Instagram post: The very trendy and versatile...,51.11,930,723,26,,
2025-11-28,RB | Sales | IB | ABO | 261125,35.38,800,548,17,,
2025-11-28,Instagram Post,23.04,284,217,3,,
2025-11-28,Instagram post: 🇦🇺 PROUDLY AUSTRALIAN MADE...,28.78,404,283,4,,
2025-11-29,RB_Cocoon_Sales_081025,25.17,1450,893,37,1,485.1
2025-11-29,RB | Sales | Adv+ | Black Friday Sale | 211125,26.55,736,284,4,,
2025-11-29,Instagram post: The very trendy and versatile...,46.17,763,568,14,,
2025-11-29,Instagram post: The very trendy and versatile...,42.76,495,322,9,,
2025-11-29,Instagram post: The very trendy and versatile...,59.01,818,627,26,,
2025-11-29,RB | Sales | IB | ABO | 261125,26.02,658,409,10,,
2025-11-29,Instagram Post,23.56,297,230,4,,
2025-11-29,Instagram post: 🇦🇺 PROUDLY AUSTRALIAN MADE...,26.86,392,263,2,,
2025-11-30,RB_Cocoon_Sales_081025,23.23,1330,918,47,0,41.75
2025-11-30,RB | Sales | Adv+ | Black Friday Sale | 211125,22.38,886,415,5,,
2025-11-30,Instagram post: The very trendy and versatile...,23.08,460,372,11,,
2025-11-30,Instagram post: The very trendy and versatile...,25.5,313,239,11,1,370.89
2025-11-30,Instagram post: The very trendy and versatile...,32.2,491,433,18,,
2025-11-30,RB | Sales | IB | ABO | 261125,28.37,752,497,19,2,2385.08
2025-11-30,Instagram Post,9.86,158,138,,1,946.15
2025-11-30,Instagram post: 🇦🇺 PROUDLY AUSTRALIAN MADE...,15.52,232,170,3,,
2025-12-01,RB_Cocoon_Sales_081025,6.81,450,374,12,,
2025-12-01,RB | Sales | Adv+ | Black Friday Sale | 211125,1.62,87,66,2,,
2025-12-01,RB | Sales | IB | ABO | 261125,6.53,216,184,7,,
2025-12-02,RB_Cocoon_Sales_081025,32.04,1752,1085,53,,
2025-12-02,RB | Sales | Adv+ | Black Friday Sale | 211125,1.47,67,43,,,
2025-12-02,RB | Sales | IB | ABO | 261125,52.11,1436,886,19,,
2025-12-03,RB_Cocoon_Sales_081025,19.82,1520,943,52,0,81.83
2025-12-03,RB | Sales | IB | ABO | 261125,42.5,1472,873,18,,
2025-12-04,RB_Cocoon_Sales_081025,20.25,1714,1212,53,0,103.65
2025-12-04,RB | Sales | IB | ABO | 261125,36.14,1700,998,25,,
2025-12-05,RB_Cocoon_Sales_081025,21.97,2045,1345,56,,
2025-12-05,RB | Sales | IB | ABO | 261125,38.38,1697,951,17,,
2025-12-06,RB_Cocoon_Sales_081025,20.16,2094,1522,57,,
2025-12-06,RB | Sales | IB | ABO | 261125,28.62,1397,801,18,1,933.32
2025-12-07,RB_Cocoon_Sales_081025,25.44,2378,1641,72,,
2025-12-07,RB | Sales | IB | ABO | 261125,47.92,2228,1227,35,,
2025-12-08,RB_Cocoon_Sales_081025,21.99,2086,1460,77,,
2025-12-08,RB | Sales | IB | ABO | 261125,48.04,2192,1191,24,,
2025-12-09,RB_Cocoon_Sales_081025,22.93,2151,1320,44,1,885.71
2025-12-09,RB | Sales | IB | ABO | 261125,39.03,2055,1124,16,,
2025-12-10,RB_Cocoon_Sales_081025,21.87,1779,1184,38,,
2025-12-10,RB | Sales | IB | ABO | 261125,27.92,1208,630,18,,
2025-12-11,RB_Cocoon_Sales_081025,20.24,2016,1360,48,,
2025-12-11,RB | Sales | IB | ABO | 261125,27.83,1255,662,13,,
2025-12-12,RB_Cocoon_Sales_081025,18.73,1643,1034,36,,
2025-12-12,RB | Sales | IB | ABO | 261125,19.68,957,506,14,,
2025-12-12,Instagram post: 🎊🎊🎊 COCOON manual & full electric...,32.29,647,517,2,,
2025-12-13,RB_Cocoon_Sales_081025,14.93,1343,912,41,0,35.09
2025-12-13,RB | Sales | IB | ABO | 261125,15.16,783,468,5,,
2025-12-13,Instagram post: 🎊🎊🎊 COCOON manual & full electric...,46.34,926,639,4,,
2025-12-14,RB_Cocoon_Sales_081025,17.95,1651,1049,45,,
2025-12-14,RB | Sales | IB | ABO | 261125,26.58,1114,575,15,,
2025-12-14,Instagram post: 🎊🎊🎊 COCOON manual & full electric...,48.21,949,723,1,,
2025-12-15,RB_Cocoon_Sales_081025,16.73,1272,814,34,,
2025-12-15,RB | Sales | IB | ABO | 261125,20.62,1095,575,8,,
2025-12-15,Instagram post: 🎊🎊🎊 COCOON manual & full electric...,35.83,978,762,1,,
2025-12-16,RB_Cocoon_Sales_081025,14.29,1232,791,42,,
2025-12-16,RB | Sales | IB | ABO | 261125,21.28,1063,556,10,,
2025-12-16,Instagram post: 🎊🎊🎊 COCOON manual & full electric...,36.35,966,762,3,,
2025-12-17,RB_Cocoon_Sales_081025,13.69,1171,721,30,,
2025-12-17,RB | Sales | IB | ABO | 261125,17.04,913,457,11,,
2025-12-17,Instagram post: 🎊🎊🎊 COCOON manual & full electric...,25.77,692,540,,,
2025-12-17,RB | Sales | Adv+ | Christmas Sale | 161225,26.25,1064,540,20,,
2025-12-18,RB_Cocoon_Sales_081025,12.31,871,550,17,,
2025-12-18,RB | Sales | IB | ABO | 261125,18.36,799,463,9,,
2025-12-18,Instagram post: 🎊🎊🎊 COCOON manual & full electric...,30.41,762,616,5,,
2025-12-18,RB | Sales | Adv+ | Christmas Sale | 161225,22.08,1009,607,21,1,1061.22
2025-12-19,RB_Cocoon_Sales_081025,10.28,880,627,30,,
2025-12-19,RB | Sales | IB | ABO | 261125,17.42,812,473,9,,
2025-12-19,Instagram post: 🎊🎊🎊 COCOON manual & full electric...,22.7,816,678,3,,
2025-12-19,RB | Sales | Adv+ | Christmas Sale | 161225,16.26,764,498,17,,
2025-12-20,RB_Cocoon_Sales_081025,8.93,781,553,28,,
2025-12-20,RB | Sales | IB | ABO | 261125,13.76,847,469,8,,
2025-12-20,RB | Sales | Adv+ | Christmas Sale | 161225,13.48,610,428,7,,
2025-12-21,RB_Cocoon_Sales_081025,12.18,936,627,22,1,766.52
2025-12-21,RB | Sales | IB | ABO | 261125,19.95,1140,662,21,,
2025-12-21,RB | Sales | Adv+ | Christmas Sale | 161225,17.6,802,520,13,,
2025-12-22,RB_Cocoon_Sales_081025,10.69,863,600,42,,
2025-12-22,RB | Sales | IB | ABO | 261125,21.68,1043,573,17,,
2025-12-22,RB | Sales | Adv+ | Christmas Sale | 161225,14.07,741,527,20,,
2025-12-23,RB_Cocoon_Sales_081025,9.95,772,561,35,1,787.02
2025-12-23,RB | Sales | IB | ABO | 261125,14.99,785,429,13,,
2025-12-23,RB | Sales | Adv+ | Christmas Sale | 161225,12.07,585,392,12,,
2025-12-24,RB_Cocoon_Sales_081025,8.21,781,548,25,,
2025-12-24,RB | Sales | IB | ABO | 261125,14.53,820,396,10,,
2025-12-24,RB | Sales | Adv+ | Christmas Sale | 161225,10.39,537,334,12,,
2025-12-25,RB_Cocoon_Sales_081025,8.93,771,524,44,,
2025-12-25,RB | Sales | IB | ABO | 261125,15.66,935,463,15,,
2025-12-25,RB | Sales | Adv+ | Christmas Sale | 161225,9.99,490,314,9,,
2025-12-25,"Instagram post: ❤️💕❤️ COCOON VIBE 4 in 1....

🇦🇺...",14.99,621,499,4,,
2025-12-26,RB_Cocoon_Sales_081025,12.4,912,583,44,,
2025-12-26,RB | Sales | IB | ABO | 261125,22.69,918,486,18,,
2025-12-26,RB | Sales | Adv+ | Christmas Sale | 161225,10.43,395,286,14,,
2025-12-26,"Instagram post: ❤️💕❤️ COCOON VIBE 4 in 1....

🇦🇺...",27.44,950,692,2,,
2025-12-27,RB_Cocoon_Sales_081025,7.59,612,401,22,,
2025-12-27,RB | Sales | IB | ABO | 261125,9.33,356,192,4,1,347.09
2025-12-27,"Instagram post: ❤️💕❤️ COCOON VIBE 4 in 1....

🇦🇺...",17.49,590,489,4,,
2025-12-28,RB_Cocoon_Sales_081025,11.8,1162,788,69,,
2025-12-28,RB | Sales | IB | ABO | 261125,23.39,1269,687,17,1,186.26
2025-12-28,"Instagram post: ❤️💕❤️ COCOON VIBE 4 in 1....

🇦🇺...",0,0,0,,1,366.41
2025-12-29,RB_Cocoon_Sales_081025,9.87,1049,723,55,,
2025-12-29,RB | Sales | IB | ABO | 261125,18,1114,669,12,,
2025-12-30,RB_Cocoon_Sales_081025,15.52,1439,901,51,1,779.98
2025-12-31,RB_Cocoon_Sales_081025,14.91,1384,832,65,0,102.03
2025-12-31,RB | Sales | IB | ABO | 261125,0,0,0,,1,1015.57
2026-01-01,RB_Cocoon_Sales_081025,16.54,1948,1095,76,,
2026-01-02,RB_Cocoon_Sales_081025,15.17,1950,1131,65,0,31.48
2026-01-03,RB_Cocoon_Sales_081025,12.47,1576,979,42,0,18.66
2026-01-03,RB | Sales | IB | ABO | 261125,0,0,0,,1,2365.95
2026-01-04,RB_Cocoon_Sales_081025,17.12,2293,1355,84,,
2026-01-05,RB_Cocoon_Sales_081025,15.5,1663,1010,38,,
2026-01-06,RB_Cocoon_Sales_081025,14.9,1690,1038,47,1,761.56
2026-01-07,RB_Cocoon_Sales_081025,15.63,1372,829,41,0,9.12
2026-01-08,RB_Cocoon_Sales_081025,14.83,1535,872,45,1,1074.54
2026-01-09,RB_Cocoon_Sales_081025,13.76,1513,914,47,,
2026-01-10,RB_Cocoon_Sales_081025,12.85,1588,955,61,,
2026-01-11,RB_Cocoon_Sales_081025,17.16,2119,1353,68,,
2026-01-12,RB_Cocoon_Sales_081025,17.46,1842,1143,63,0,32.79
2026-01-13,RB_Cocoon_Sales_081025,16.29,1368,801,52,,
2026-01-14,RB_Cocoon_Sales_081025,11.83,1428,883,40,0,6.94
2026-01-14,Instagram post: COCOON Vibe dresser and the...,14.04,898,604,23,,
2026-01-15,RB_Cocoon_Sales_081025,14.18,1865,1178,81,,
2026-01-15,Instagram post: COCOON Vibe dresser and the...,32.09,1863,1129,42,,
2026-01-16,RB_Cocoon_Sales_081025,14.12,1690,1063,56,,
2026-01-16,Instagram post: COCOON Vibe dresser and the...,29.82,1708,1136,32,,
2026-01-17,RB_Cocoon_Sales_081025,13.59,2032,1314,50,,
2026-01-17,Instagram post: COCOON Vibe dresser and the...,13.94,752,584,10,1,838.98
2026-01-17,RB_Cocoon_Australia_opening_15012026,7.56,923,664,15,,
2026-01-17,Instagram post: NOW AVAILABLE IN AUSTRALIA 🇦🇺...,25.91,1776,1223,52,,
2026-01-18,RB_Cocoon_Sales_081025,16.64,2122,1335,61,,
2026-01-18,RB_Cocoon_Australia_opening_15012026,8.45,792,552,28,,
2026-01-18,Instagram post: NOW AVAILABLE IN AUSTRALIA 🇦🇺...,36.8,2141,1331,37,1,287.56
2026-01-19,RB_Cocoon_Sales_081025,16.98,1949,1266,52,,
2026-01-19,RB_Cocoon_Australia_opening_15012026,9.07,995,721,19,0,10.79
2026-01-19,Instagram post: NOW AVAILABLE IN AUSTRALIA 🇦🇺...,27.29,1418,809,31,1,853.34
2026-01-19,Instagram post: 💕❤️💕 The innovative COCOON BREEZE...,14.3,746,485,7,,
2026-01-20,RB_Cocoon_Sales_081025,14.85,1732,1131,49,,
2026-01-20,RB_Cocoon_Australia_opening_15012026,6.19,670,476,19,,
2026-01-20,Instagram post: 💕❤️💕 The innovative COCOON BREEZE...,34.43,1638,925,29,,
2026-01-21,RB_Cocoon_Sales_081025,31.29,3806,2466,93,,
2026-01-21,RB_Cocoon_Australia_opening_15012026,5.83,461,378,11,0,10.5
2026-01-21,Instagram post: 💕❤️💕 The innovative COCOON BREEZE...,29.49,1595,1108,30,,
2026-01-22,RB_Cocoon_Sales_081025,30.94,3686,2259,86,,
2026-01-22,RB_Cocoon_Australia_opening_15012026,6.34,600,489,17,,
2026-01-22,Instagram post: 💕❤️💕 The innovative COCOON BREEZE...,28.78,1305,912,16,,
2026-01-23,RB_Cocoon_Sales_081025,30.66,3358,2088,85,,
2026-01-23,RB_Cocoon_Australia_opening_15012026,6.67,673,530,19,,
2026-01-23,Instagram post: 💕❤️💕 The innovative COCOON BREEZE...,28.78,1630,1229,26,,
2026-01-24,RB_Cocoon_Sales_081025,28.41,3325,2174,116,,
2026-01-24,RB_Cocoon_Australia_opening_15012026,6.34,514,418,12,,
2026-01-24,Instagram post: 💕❤️💕 The innovative COCOON BREEZE...,19.11,982,772,15,,
2026-01-25,RB_Cocoon_Sales_081025,32.11,4014,2375,94,,
2026-01-25,RB_Cocoon_Australia_opening_15012026,8.56,845,623,17,,
2026-01-26,RB_Cocoon_Sales_081025,34.97,4546,2749,93,0,42.95
2026-01-26,RB_Cocoon_Australia_opening_15012026,9.28,781,627,21,,
2026-01-27,RB_Cocoon_Sales_081025,31.38,3909,2249,100,1,759
2026-01-27,RB_Cocoon_Australia_opening_15012026,7.21,621,441,13,0,41.51
2026-01-28,RB_Cocoon_Sales_081025,26.83,3027,1789,98,,
2026-01-28,RB_Cocoon_Australia_opening_15012026,5.69,421,331,8,,
2026-01-29,RB_Cocoon_Sales_081025,28.38,2436,1507,73,,
2026-01-29,RB_Cocoon_Australia_opening_15012026,6.79,426,321,12,,
2026-01-30,RB_Cocoon_Sales_081025,22.99,2371,1436,63,1,1935.71
2026-01-30,RB_Cocoon_Australia_opening_15012026,5.01,256,194,12,,
2026-01-31,RB_Cocoon_Sales_081025,32.73,4293,2394,21,0,3.66
2026-01-31,RB_Cocoon_Australia_opening_15012026,6.23,729,548,18,,
2026-02-01,RB_Cocoon_Sales_081025,34.57,5089,2862,21,,
2026-02-01,RB_Cocoon_Australia_opening_15012026,8.63,695,521,28,,
2026-02-02,RB_Cocoon_Sales_081025,29.55,3627,1936,20,2,1068.99
2026-02-02,RB_Cocoon_Australia_opening_15012026,7.43,695,538,26,,
2026-02-03,RB_Cocoon_Sales_081025,30.84,4152,2332,19,,
2026-02-03,RB_Cocoon_Australia_opening_15012026,6.96,595,460,20,,
2026-02-04,RB_Cocoon_Sales_081025,28.28,3769,2356,13,,
2026-02-04,RB_Cocoon_Australia_opening_15012026,6.25,653,490,12,,
2026-02-05,RB_Cocoon_Sales_081025,26.59,3361,2164,12,0,81.96
2026-02-05,RB_Cocoon_Australia_opening_15012026,7.05,590,439,16,,
2026-02-06,RB_Cocoon_Sales_081025,24.71,2493,1648,14,2,1297.9
2026-02-06,Instagram post: 💕❤️💕 COCOON BREEZE Bedside...,17.4,1060,822,23,,
2026-02-07,Instagram post: 💕❤️💕 COCOON BREEZE Bedside...,28.72,1666,1335,53,,
2026-02-08,Instagram post: 💕❤️💕 COCOON BREEZE Bedside...,30.71,1516,1103,38,1,307.53
2026-02-09,Instagram post: 💕❤️💕 COCOON BREEZE Bedside...,32.36,1703,1231,50,,
2026-02-09,RB_Cocoon_Sales_Bundles_090226,2.76,344,305,,,
2026-02-10,Instagram post: 💕❤️💕 COCOON BREEZE Bedside...,26.56,1109,797,44,,
2026-02-10,RB_Cocoon_Sales_Bundles_090226,39.91,4133,2650,29,,
2026-02-10,Instagram post: ❤️💕❤️ Award winning COCOON BREEZE...,1.88,93,87,4,,
2026-02-11,Instagram post: 💕❤️💕 COCOON BREEZE Bedside...,19.29,982,686,20,,
2026-02-11,RB_Cocoon_Sales_Bundles_090226,39.36,3794,1872,19,0,352.37
2026-02-11,Instagram post: ❤️💕❤️ Award winning COCOON BREEZE...,29.2,1919,1324,99,,
2026-02-12,Instagram post: 💕❤️💕 COCOON BREEZE Bedside...,18.5,905,658,15,,
2026-02-12,RB_Cocoon_Sales_Bundles_090226,28.35,2608,1382,27,,
2026-02-12,Instagram post: ❤️💕❤️ Award winning COCOON BREEZE...,23.59,1763,1362,72,,
2026-02-13,Instagram post: 💕❤️💕 COCOON BREEZE Bedside...,0.81,42,41,,,
2026-02-13,Instagram post: ❤️💕❤️ Award winning COCOON BREEZE...,25.61,1489,1041,61,,
2026-02-14,Instagram post: ❤️💕❤️ Award winning COCOON BREEZE...,26.49,1706,1227,78,2,3121.19
2026-02-14,Instagram post: NOW AVAILABLE IN AUSTRALIA 🇦🇺...,22.87,1169,800,33,,
2026-02-15,Instagram post: ❤️💕❤️ Award winning COCOON BREEZE...,24.75,1725,1238,74,1,2105.62
2026-02-15,Instagram post: NOW AVAILABLE IN AUSTRALIA 🇦🇺...,42.83,2145,1404,52,,
2026-02-16,RB_Cocoon_Sales_Bundles_090226,0,0,0,,0,18.1
2026-02-16,Instagram post: ❤️💕❤️ Award winning COCOON BREEZE...,25.33,1622,1162,58,,
2026-02-16,Instagram post: NOW AVAILABLE IN AUSTRALIA 🇦🇺...,42.91,1879,1280,50,,
2026-02-17,Instagram post: ❤️💕❤️ Award winning COCOON BREEZE...,17.81,1101,803,48,,
2026-02-17,Instagram post: NOW AVAILABLE IN AUSTRALIA 🇦🇺...,43.51,1841,1164,29,1,379.02
2026-02-18,Instagram post: NOW AVAILABLE IN AUSTRALIA 🇦🇺...,37.26,1766,1051,31,,
2026-02-19,Instagram post: NOW AVAILABLE IN AUSTRALIA 🇦🇺...,41.55,1190,829,17,,
2026-02-19,Instagram post: ❤️💕❤️ COCOON ALLURE DOVE GREY is...,15.87,761,560,21,,
2026-02-19,Instagram post: NOW AVAILABLE IN AUSTRALIA 🇦🇺...,41.86,1967,1341,36,,
2026-02-19,Instagram post: ❤️💕❤️ Award winning COCOON Vibe 4...,21.32,1037,767,31,,
2026-02-20,Instagram post: NOW AVAILABLE IN AUSTRALIA 🇦🇺...,8.3,361,291,4,,
2026-02-20,Instagram post: ❤️💕❤️ COCOON ALLURE DOVE GREY is...,27.64,961,596,15,,
2026-02-20,Instagram post: NOW AVAILABLE IN AUSTRALIA 🇦🇺...,40.24,1653,1043,31,,
2026-02-20,Instagram post: ❤️💕❤️ Award winning COCOON Vibe 4...,46.71,2234,1358,64,2,2241.03
2026-02-21,Instagram post: ❤️💕❤️ COCOON ALLURE DOVE GREY is...,21.68,937,611,18,,
2026-02-21,Instagram post: NOW AVAILABLE IN AUSTRALIA 🇦🇺...,37.58,1390,831,42,,
2026-02-21,Instagram post: ❤️💕❤️ Award winning COCOON Vibe 4...,42,2093,1279,62,,
2026-02-22,Instagram post: ❤️💕❤️ COCOON ALLURE DOVE GREY is...,20.25,851,568,19,,
2026-02-22,Instagram post: NOW AVAILABLE IN AUSTRALIA 🇦🇺...,34.42,1097,634,31,,
2026-02-22,Instagram post: ❤️💕❤️ Award winning COCOON Vibe 4...,39.4,1883,1191,72,,
2026-02-23,Instagram post: ❤️💕❤️ COCOON ALLURE DOVE GREY is...,14.2,661,473,11,,
2026-02-23,Instagram post: NOW AVAILABLE IN AUSTRALIA 🇦🇺...,20.79,910,596,22,,
2026-02-23,Instagram post: ❤️💕❤️ Award winning COCOON Vibe 4...,36.91,1741,1085,48,,
2026-02-24,Instagram post: ❤️💕❤️ Award winning COCOON Vibe 4...,13.14,569,383,17,1,384.44
2026-02-27,RB_Cocoon_Sales_Bundles_090226,15.76,1244,1043,8,,
2026-02-28,RB_Cocoon_Sales_Bundles_090226,60.56,3550,2940,26,,
2026-02-28,Instagram post: ❤️💕❤️ Award winning COCOON Vibe 4...,13.44,973,788,33,,
2026-03-01,RB_Cocoon_Sales_Bundles_090226,42.03,3835,2173,44,0,114.12
2026-03-01,Instagram post: ❤️💕❤️ Award winning COCOON Vibe 4...,46.14,2245,1533,71,,
2026-03-02,RB_Cocoon_Sales_Bundles_090226,42.22,3242,1628,44,,
2026-03-03,RB_Cocoon_Sales_Bundles_090226,38.75,2688,1307,33,,
2026-03-04,RB_Cocoon_Sales_Bundles_090226,30.43,1824,947,24,,
2026-03-05,RB_Cocoon_Sales_Bundles_090226,31.01,1963,967,25,,
2026-03-06,RB_Cocoon_Sales_Bundles_090226,30.48,1927,979,24,,
2026-03-07,RB_Cocoon_Sales_Bundles_090226,29.64,2348,1277,34,,
2026-03-07,Instagram post: NOW AVAILABLE IN AUSTRALIA 🇦🇺...,43.63,1762,1117,55,,
2026-03-08,RB_Cocoon_Sales_Bundles_090226,41.41,3580,1847,38,1,450.42
2026-03-08,Instagram post: NOW AVAILABLE IN AUSTRALIA 🇦🇺...,41.88,1426,861,40,,
2026-03-09,RB_Cocoon_Sales_Bundles_090226,38.71,2787,1462,39,0,123.81
2026-03-09,Instagram post: NOW AVAILABLE IN AUSTRALIA 🇦🇺...,32.46,1238,772,26,,
2026-03-10,RB_Cocoon_Sales_Bundles_090226,37.88,2232,1122,27,,
2026-03-10,Instagram post: NOW AVAILABLE IN AUSTRALIA 🇦🇺...,29.16,1028,584,27,1,374.38
2026-03-11,RB_Cocoon_Sales_Bundles_090226,31.38,2007,1279,40,,
2026-03-11,Instagram post: NOW AVAILABLE IN AUSTRALIA 🇦🇺...,27.59,1040,668,13,1,944.4
2026-03-12,RB_Cocoon_Sales_Bundles_090226,41.8,2760,1714,123,1,70.37
2026-03-12,Instagram post: ❤️💕❤️ Award winning COCOON Vibe 4...,15.53,735,615,31,,
2026-03-13,RB_Cocoon_Sales_Bundles_090226,24.57,1783,1105,28,1,350
2026-03-13,Instagram post: ❤️💕❤️ Award winning COCOON Vibe 4...,45.27,1939,1171,63,1,898.67
2026-03-14,RB_Cocoon_Sales_Bundles_090226,28.79,2189,1416,27,,
2026-03-14,Instagram post: ❤️💕❤️ Award winning COCOON Vibe 4...,44.09,2125,1390,86,,
2026-03-15,RB_Cocoon_Sales_Bundles_090226,41.57,3027,1758,45,0,120.87
2026-03-15,Instagram post: ❤️💕❤️ Award winning COCOON Vibe 4...,40.35,1881,1267,57,,
2026-03-16,RB_Cocoon_Sales_Bundles_090226,36.71,3296,1899,27,0,133.29
2026-03-16,Instagram post: ❤️💕❤️ Award winning COCOON Vibe 4...,39.4,2007,1347,50,,
2026-03-17,RB_Cocoon_Sales_Bundles_090226,36.97,2393,1599,23,,
2026-03-17,Instagram post: ❤️💕❤️ Award winning COCOON Vibe 4...,41.58,1507,1088,38,,
2026-03-17,Instagram post: ❤️💕❤️ COCOON ALLURE DOVE GREY is...,9.38,518,386,14,,
2026-03-18,RB_Cocoon_Sales_Bundles_090226,33.26,2459,1251,17,,
2026-03-18,Instagram post: ❤️💕❤️ Award winning COCOON Vibe 4...,33.81,1278,928,23,,
2026-03-18,Instagram post: ❤️💕❤️ COCOON ALLURE DOVE GREY is...,17.46,845,611,27,,
2026-03-18,Instagram post: NOW AVAILABLE IN AUSTRALIA 🇦🇺...,31.69,1333,934,49,1,374.51
2026-03-19,RB_Cocoon_Sales_Bundles_090226,31.86,2348,1316,17,,
2026-03-19,Instagram post: ❤️💕❤️ Award winning COCOON Vibe 4...,19.93,869,678,21,,
2026-03-19,Instagram post: ❤️💕❤️ COCOON ALLURE DOVE GREY is...,23.13,982,721,33,,
2026-03-19,Instagram post: NOW AVAILABLE IN AUSTRALIA 🇦🇺...,44.88,1640,1086,55,,
2026-03-19,Instagram post: As a working mum of 2 beautiful...,31.48,1335,945,60,,
2026-03-20,RB_Cocoon_Sales_Bundles_090226,34.16,2342,1360,14,,
2026-03-20,Instagram post: ❤️💕❤️ COCOON ALLURE DOVE GREY is...,21.38,944,675,25,,
2026-03-20,Instagram post: NOW AVAILABLE IN AUSTRALIA 🇦🇺...,41.94,1465,929,43,2,875.14
2026-03-20,Instagram post: As a working mum of 2 beautiful...,41.66,1892,1305,66,,
2026-03-21,RB_Cocoon_Sales_Bundles_090226,30.21,2177,1390,30,,
2026-03-21,Instagram post: ❤️💕❤️ Award winning COCOON Vibe 4...,0,0,0,,1,1900.69
2026-03-21,Instagram post: ❤️💕❤️ COCOON ALLURE DOVE GREY is...,21.32,891,650,28,,
2026-03-21,Instagram post: NOW AVAILABLE IN AUSTRALIA 🇦🇺...,40.87,1615,1088,50,,
2026-03-21,Instagram post: As a working mum of 2 beautiful...,46.49,2217,1478,89,,
2026-03-22,RB_Cocoon_Sales_Bundles_090226,44.17,3311,1847,32,0,247.33
2026-03-22,Instagram post: ❤️💕❤️ COCOON ALLURE DOVE GREY is...,7.17,381,340,10,,
2026-03-22,Instagram post: NOW AVAILABLE IN AUSTRALIA 🇦🇺...,15.36,730,588,17,,
2026-03-22,Instagram post: As a working mum of 2 beautiful...,40.31,2024,1402,65,,
2026-03-23,RB_Cocoon_Sales_Bundles_090226,36.51,2662,1424,27,1,2232.62
2026-03-23,Instagram post: As a working mum of 2 beautiful...,37.96,2088,1495,67,,
2026-03-24,RB_Cocoon_Sales_Bundles_090226,36.33,2249,1279,34,1,307.92
2026-03-24,Instagram post: As a working mum of 2 beautiful...,37.54,1982,1326,50,1,1014.07
2026-03-25,RB_Cocoon_Sales_Bundles_090226,35.17,2111,1147,23,0,24.66
2026-03-25,Instagram post: As a working mum of 2 beautiful...,35.81,1841,1225,53,,
2026-03-26,RB_Cocoon_Sales_Bundles_090226,35.3,2093,1205,38,,
2026-03-26,Instagram post: As a working mum of 2 beautiful...,6.44,302,263,11,1,809.58
2026-03-26,RB | Traffic | 260326,1.66,164,158,1,,
2026-03-27,RB_Cocoon_Sales_Bundles_090226,32.18,2105,1203,28,2,1012.4
2026-03-27,RB | Traffic | 260326,18.7,2021,1565,69,,
2026-03-28,RB_Cocoon_Sales_Bundles_090226,25.04,1543,940,35,0,244.34
2026-03-28,RB | Traffic | 260326,11.28,1468,1131,44,,
2026-03-29,RB_Cocoon_Sales_Bundles_090226,39.19,2741,1476,39,1,2280.49
2026-03-29,RB | Traffic | 260326,17.02,2011,1569,67,,
2026-03-30,RB_Cocoon_Sales_Bundles_090226,40.54,2579,1314,29,1,962.26
2026-03-30,RB | Traffic | 260326,15.44,1892,1560,66,,
2026-03-31,RB_Cocoon_Sales_Bundles_090226,39.72,2264,1275,40,0,127.7
2026-03-31,RB | Traffic | 260326,14.68,1599,1335,57,,
2026-04-01,RB_Cocoon_Sales_Bundles_090226,80.43,4308,2184,100,1,1007.68
2026-04-01,RB | Traffic | 260326,15.82,1779,1408,70,,
2026-04-02,RB_Cocoon_Sales_Bundles_090226,61.86,3782,2057,78,,
2026-04-02,RB | Traffic | 260326,12.86,1375,1085,39,,
2026-04-03,RB_Cocoon_Sales_Bundles_090226,70.56,4186,2124,68,0,282.83
2026-04-03,RB | Traffic | 260326,15.57,1761,1428,89,1,899
2026-04-04,RB_Cocoon_Sales_Bundles_090226,56.93,3768,2221,45,,
2026-04-04,RB | Traffic | 260326,13.48,1673,1282,62,,
2026-04-05,RB_Cocoon_Sales_Bundles_090226,81.6,5343,2593,99,1,2475.4
2026-04-05,RB | Traffic | 260326,17.83,2198,1756,84,,
2026-04-06,RB_Cocoon_Sales_Bundles_090226,80.05,5515,2788,94,2,1895.18
2026-04-06,RB | Traffic | 260326,14.87,1990,1632,63,,
2026-04-07,RB_Cocoon_Sales_Bundles_090226,69.48,4227,2113,72,0,47.66
2026-04-07,RB | Traffic | 260326,13.86,1799,1493,48,,
2026-04-08,RB_Cocoon_Sales_Bundles_090226,59.41,3943,2093,62,1,1059.49
2026-04-08,RB | Traffic | 260326,15.07,2088,1737,68,,
2026-04-09,RB_Cocoon_Sales_Bundles_090226,68.7,4027,2118,72,,
2026-04-09,RB | Traffic | 260326,14.59,1866,1462,53,,
2026-04-10,RB_Cocoon_Sales_Bundles_090226,65.97,4199,2154,122,,
2026-04-10,RB | Traffic | 260326,14.62,1968,1632,56,,
2026-04-11,RB_Cocoon_Sales_Bundles_090226,64.07,4438,2607,124,,
2026-04-11,RB | Traffic | 260326,13.82,1949,1623,66,,
2026-04-12,RB_Cocoon_Sales_Bundles_090226,80.54,6040,3092,137,,
2026-04-12,RB | Traffic | 260326,16.96,2208,1808,63,,
2026-04-13,RB_Cocoon_Sales_Bundles_090226,79.71,5973,2975,100,0,128.14
2026-04-13,RB | Traffic | 260326,13.78,1837,1442,48,,
2026-04-14,RB_Cocoon_Sales_Bundles_090226,70.19,4817,2423,93,2,3245.8
2026-04-14,RB | Traffic | 260326,14.66,1849,1470,56,,
2026-04-15,RB_Cocoon_Sales_Bundles_090226,60.63,4293,2140,82,1,332.15
2026-04-15,RB | Traffic | 260326,14.43,2014,1621,54,,
2026-04-16,RB_Cocoon_Sales_Bundles_090226,77.42,5376,2679,86,,
2026-04-16,RB | Traffic | 260326,15.13,1807,1420,61,,
2026-04-17,RB_Cocoon_Sales_Bundles_090226,51.08,3296,1652,52,2,2105.23
2026-04-17,RB | Traffic | 260326,13.88,1678,1335,46,,
2026-04-18,RB_Cocoon_Sales_Bundles_090226,67.04,4261,2530,58,1,1953.91
2026-04-19,RB_Cocoon_Sales_Bundles_090226,85.28,5576,3024,77,0,107.28
2026-04-20,RB_Cocoon_Sales_Bundles_090226,72.95,5426,3175,54,,
2026-04-21,RB_Cocoon_Sales_Bundles_090226,83.22,5111,2795,87,,
2026-04-21,Engagement | Cocoon team,6.91,866,783,2,,
2026-04-22,RB_Cocoon_Sales_Bundles_090226,73.28,4717,2198,150,3,1776.41
2026-04-22,Engagement | Cocoon team,21.7,4126,3363,7,,
2026-04-23,RB_Cocoon_Sales_Bundles_090226,55.33,3907,1926,94,2,237.91
2026-04-23,Engagement | Cocoon team,14.83,3020,2575,4,,
2026-04-24,RB_Cocoon_Sales_Bundles_090226,64.84,4536,2407,77,,
2026-04-24,Engagement | Cocoon team,21.83,4440,3317,4,,
2026-04-25,RB_Cocoon_Sales_Bundles_090226,53.81,4221,2295,112,2,3134.03
2026-04-25,Engagement | Cocoon team,17.82,2144,1950,6,,
2026-04-26,RB_Cocoon_Sales_Bundles_090226,77.36,6901,3483,162,1,1106.26
2026-04-26,Engagement | Cocoon team,21.26,3271,3052,11,,
2026-04-27,RB_Cocoon_Sales_Bundles_090226,87.19,7689,3729,129,3,4801.9
2026-04-27,Engagement | Cocoon team,20.46,4037,3764,9,,
2026-04-28,RB_Cocoon_Sales_Bundles_090226,67.83,5382,2815,95,1,1163.11
2026-04-28,Engagement | Cocoon team,21.71,2324,2148,6,,
2026-04-29,RB_Cocoon_Sales_Bundles_090226,63.67,4740,2173,81,1,740.18
2026-04-29,Engagement | Cocoon team,27.78,4039,3648,16,,
2026-04-30,RB_Cocoon_Sales_Bundles_090226,67.99,5115,2321,108,2,1994.84
2026-04-30,Engagement | Cocoon team,18.99,1880,1744,5,,
2026-05-01,RB_Cocoon_Sales_Bundles_090226,85.25,6270,2944,137,,
2026-05-02,RB_Cocoon_Sales_Bundles_090226,79.37,6756,3333,164,2,2995.57
2026-05-03,RB_Cocoon_Sales_Bundles_090226,119.98,9374,4465,231,,
2026-05-04,RB_Cocoon_Sales_Bundles_090226,119.46,7895,3827,195,0,163.93
2026-05-05,RB_Cocoon_Sales_Bundles_090226,95.9,6687,3008,121,1,868.44
2026-05-05,Engagement | Cocoon team,6.46,376,374,,,
2026-05-05,RB | Traffic | Website,12.04,2158,1935,72,,
2026-05-06,RB_Cocoon_Sales_Bundles_090226,92.2,5189,2347,108,,
2026-05-06,Engagement | Cocoon team,12.4,886,831,1,,
2026-05-06,RB | Traffic | Website,19.07,3997,3399,124,,
2026-05-07,RB_Cocoon_Sales_Bundles_090226,94.81,4994,2405,120,1,746.27
2026-05-07,Engagement | Cocoon team,10.99,734,690,3,,
2026-05-07,RB | Traffic | Website,18.89,4661,4242,116,,
2026-05-08,RB_Cocoon_Sales_Bundles_090226,100.83,4806,2279,105,0,33.69
2026-05-08,Engagement | Cocoon team,10.86,758,696,3,,
2026-05-08,RB | Traffic | Website,14.91,3681,3129,102,,
2026-05-09,RB_Cocoon_Sales_Bundles_090226,71.77,4242,2174,81,2,1521.11
2026-05-09,Engagement | Cocoon team,10.44,582,547,3,,
2026-05-09,RB | Traffic | Website,12.38,3692,3174,70,,
2026-05-09,RB | Sales | ASC,24.88,1549,955,53,,
2026-05-10,RB_Cocoon_Sales_Bundles_090226,86.09,4547,2325,96,1,950.29
2026-05-10,Engagement | Cocoon team,19.59,1578,1460,7,,
2026-05-10,RB | Traffic | Website,16.44,3637,3189,124,,
2026-05-10,RB | Sales | ASC,29.9,1968,1169,56,,
2026-05-11,RB_Cocoon_Sales_Bundles_090226,83.38,4809,2353,91,1,742.62
2026-05-11,Engagement | Cocoon team,12.39,1475,1390,3,,
2026-05-11,RB | Traffic | Website,15.63,3433,3080,96,,
2026-05-11,RB | Sales | ASC,25.72,1893,1133,35,3,2929.62
2026-05-12,RB_Cocoon_Sales_Bundles_090226,13.78,1043,804,13,,
2026-05-12,Engagement | Cocoon team,10.22,1885,1763,4,,
2026-05-12,RB | Traffic | Website,14.64,4448,4053,71,,
2026-05-12,RB | Sales | ASC,25.41,1884,1041,39,1,320.43
2026-05-13,RB_Cocoon_Sales_Bundles_090226,40.96,2637,1497,68,,
2026-05-13,Engagement | Cocoon team,8.92,1213,1108,2,,
2026-05-13,RB | Traffic | Website,16.05,3931,3172,157,,
2026-05-13,RB | Sales | ASC,25.3,1643,982,50,,
2026-05-14,RB_Cocoon_Sales_Bundles_090226,42.52,2853,1749,85,1,402.03
2026-05-14,Engagement | Cocoon team,10.78,1124,998,3,,
2026-05-14,RB | Traffic | Website,15.44,3723,3009,142,,
2026-05-14,RB | Sales | ASC,26.33,1690,1016,50,,
2026-05-15,RB_Cocoon_Sales_Bundles_090226,91.43,5681,3464,124,,
2026-05-15,Engagement | Cocoon team,12.65,1526,1428,5,,
2026-05-15,RB | Traffic | Website,14.37,3805,2975,157,1,302.01
2026-05-15,RB | Sales | ASC,22.59,1498,932,46,1,1150.14
2026-05-16,RB_Cocoon_Sales_Bundles_090226,88.95,6428,3647,120,1,339.57
2026-05-16,Engagement | Cocoon team,9.36,1058,998,2,,
2026-05-16,RB | Traffic | Website,12.39,3730,2960,134,,
2026-05-16,RB | Sales | ASC,19.66,1462,860,51,1,847.61
2026-05-17,RB_Cocoon_Sales_Bundles_090226,86.12,6522,3633,143,1,117.94
2026-05-17,Engagement | Cocoon team,16.07,1801,1595,8,,
2026-05-17,RB | Traffic | Website,16.53,4892,3715,166,,
2026-05-17,RB | Sales | ASC,29.46,2147,1284,72,1,1958.77
2026-05-18,RB_Cocoon_Sales_Bundles_090226,75.92,5144,2676,125,,
2026-05-18,Engagement | Cocoon team,12.91,1353,1159,3,,
2026-05-18,RB | Traffic | Website,14.71,3490,2859,163,,
2026-05-18,RB | Sales | ASC,28.7,1921,1053,62,,
2026-05-19,RB_Cocoon_Sales_Bundles_090226,60.42,3789,2074,112,,
2026-05-19,Engagement | Cocoon team,12.05,1332,1200,3,,
2026-05-19,RB | Traffic | Website,14.7,3268,2589,189,,
2026-05-19,RB | Sales | ASC,27.01,1734,995,75,,
2026-05-20,RB_Cocoon_Sales_Bundles_090226,34.48,1842,1058,66,,
2026-05-20,Engagement | Cocoon team,12.94,1445,1345,1,,
2026-05-20,RB | Traffic | Website,14.29,3183,2566,162,,
2026-05-20,RB | Sales | ASC,24.38,1364,846,41,,
2026-05-21,RB_Cocoon_Sales_Bundles_090226,32.47,1664,928,32,,
2026-05-21,Engagement | Cocoon team,11.64,1218,1059,1,,
2026-05-21,RB | Traffic | Website,14.4,3409,2670,131,,
2026-05-21,RB | Sales | ASC,21.74,1313,728,38,,
2026-05-22,RB_Cocoon_Sales_Bundles_090226,30,1716,1001,60,1,1909.95
2026-05-22,Engagement | Cocoon team,9.75,975,841,2,,
2026-05-22,RB | Traffic | Website,15.64,3541,2658,170,,
2026-05-22,RB | Sales | ASC,22.5,1575,898,54,,
2026-05-23,RB_Cocoon_Sales_Bundles_090226,27.52,1470,934,42,,
2026-05-23,Engagement | Cocoon team,8.6,829,757,2,,
2026-05-23,RB | Traffic | Website,14.71,3284,2627,162,,
2026-05-23,RB | Sales | ASC,20.91,1514,936,59,,
2026-05-24,RB_Cocoon_Sales_Bundles_090226,41.24,2581,1501,77,,
2026-05-24,Engagement | Cocoon team,14.23,1470,1314,7,,
2026-05-24,RB | Traffic | Website,16.76,3591,2829,189,,
2026-05-24,RB | Sales | ASC,29.18,1764,980,52,,
2026-05-25,RB_Cocoon_Sales_Bundles_090226,24.74,1566,1003,35,,
2026-05-25,Engagement | Cocoon team,7.03,714,674,1,,
2026-05-25,RB | Traffic | Website,6.69,1291,1119,68,,
2026-05-25,RB | Sales | ASC,12.74,990,649,31,,
2026-05-26,RB_Cocoon_Sales_Bundles_090226,38.93,1991,1112,33,,
2026-05-26,Engagement | Cocoon team,14.24,1335,1240,4,,
2026-05-26,RB | Traffic | Website,18.14,3347,2790,204,,
2026-05-26,RB | Sales | ASC,28.57,2039,1212,56,1,827.57
2026-05-27,RB_Cocoon_Sales_Bundles_090226,83.51,5840,3443,154,,
2026-05-27,Engagement | Cocoon team,13,1268,1182,2,,
2026-05-27,RB | Traffic | Website,16.4,2892,2314,191,,
2026-05-27,RB | Sales | ASC,35.18,3106,1944,88,,
2026-05-28,RB_Cocoon_Sales_Bundles_090226,72.72,4633,2689,155,,
2026-05-28,Engagement | Cocoon team,11.94,1283,1185,,,
2026-05-28,RB | Traffic | Website,15.71,3305,2549,135,1,838.77
2026-05-28,RB | Sales | ASC,25.18,2167,1426,59,,
2026-05-29,RB_Cocoon_Sales_Bundles_090226,70.94,4484,2672,148,1,1981.13
2026-05-29,Engagement | Cocoon team,6.55,789,753,2,,
2026-05-29,RB | Traffic | Website,16.36,3654,2798,147,,
2026-05-29,RB | Sales | ASC,22.74,2033,1312,42,,
2026-05-30,RB_Cocoon_Sales_Bundles_090226,57.13,4086,2577,149,1,799.63
2026-05-30,RB | Traffic | Website,14.78,3278,2576,133,1,395.45
2026-05-30,RB | Sales | ASC,18.53,1631,1059,63,3,1261.32
2026-05-31,RB_Cocoon_Sales_Bundles_090226,86.45,7221,4213,223,1,305.03
2026-05-31,RB | Traffic | Website,17.39,3933,3026,213,,
2026-05-31,RB | Sales | ASC,32.19,3061,2028,75,0,133.28
2026-06-01,RB_Cocoon_Sales_Bundles_090226,79.19,5385,3290,218,1,1941.94
2026-06-01,RB | Traffic | Website,14.9,3121,2565,163,,
2026-06-01,RB | Sales | ASC,29.6,2540,1621,80,,
2026-06-02,RB_Cocoon_Sales_Bundles_090226,122.18,7202,4018,222,1,767.55
2026-06-02,RB | Traffic | Website,15.24,3502,2720,177,,
2026-06-02,RB | Sales | ASC,23.43,1696,1159,69,0,150.45
2026-06-03,RB_Cocoon_Sales_Bundles_090226,111.15,6787,3801,191,1,93.18
2026-06-03,RB | Traffic | Website,14.63,3242,2579,153,,
2026-06-03,RB | Sales | ASC,22.05,1682,1117,56,1,972.16
2026-06-04,RB_Cocoon_Sales_Bundles_090226,105.45,6709,3779,151,1,540.58
2026-06-04,RB | Traffic | Website,12.99,2634,2067,120,,
2026-06-04,RB | Sales | ASC,22.52,2051,1394,63,,
2026-06-05,RB_Cocoon_Sales_Bundles_090226,111.72,6984,4046,165,1,310.83
2026-06-05,RB | Traffic | Website,15.3,2818,2260,165,,
2026-06-05,RB | Sales | ASC,21.2,1760,1196,48,,
2026-06-06,RB_Cocoon_Sales_Bundles_090226,118.26,6566,3978,161,2,1876.32
2026-06-06,RB | Traffic | Website,14.51,3023,2426,145,1,889.21
2026-06-06,RB | Sales | ASC,23.94,2060,1458,67,,
2026-06-07,RB_Cocoon_Sales_Bundles_090226,120.72,6964,4139,223,1,1212.94
2026-06-07,RB | Traffic | Website,18.11,3623,2818,177,,
2026-06-07,RB | Sales | ASC,29.3,2704,1884,78,,
2026-06-08,RB_Cocoon_Sales_Bundles_090226,104.56,6346,3781,138,3,2754.87
2026-06-08,RB | Traffic | Website,15.63,3181,2363,155,,
2026-06-08,RB | Sales | ASC,24.87,2260,1569,78,1,1064.38
2026-06-09,RB_Cocoon_Sales_Bundles_090226,106.94,6165,3416,151,1,2138.15
2026-06-09,RB | Traffic | Website,14.13,2855,2280,146,,
2026-06-09,RB | Sales | ASC,27.29,2361,1569,68,,
2026-06-10,RB_Cocoon_Sales_Bundles_090226,107.69,6803,3952,147,1,1121.98
2026-06-10,RB | Traffic | Website,14.33,2839,2193,179,,
2026-06-10,RB | Sales | ASC,22.94,2029,1400,56,,
2026-06-10,"Instagram post: From the very first moment, they...",8.34,309,237,5,,
2026-06-10,Instagram post: There’s a kind of love that only...,11.13,427,329,14,,
2026-06-11,RB_Cocoon_Sales_Bundles_090226,110.1,6891,4295,68,0,7.77
2026-06-11,RB | Traffic | Website,13.71,2433,1948,129,,
2026-06-11,RB | Sales | ASC,25.41,2001,1301,52,,
2026-06-11,"Instagram post: From the very first moment, they...",11.07,359,270,10,,
2026-06-11,Instagram post: There’s a kind of love that only...,9.8,349,281,18,,
2026-06-12,RB_Cocoon_Sales_Bundles_090226,145.69,7515,4148,129,1,407.67
2026-06-12,RB | Traffic | Website,10.68,1761,1503,87,,
2026-06-12,RB | Sales | ASC,24.2,1862,1232,55,1,1708.34
2026-06-12,"Instagram post: From the very first moment, they...",9.77,255,194,7,,
2026-06-12,Instagram post: There’s a kind of love that only...,11,443,369,19,,
2026-06-13,RB_Cocoon_Sales_Bundles_090226,102.03,5639,3432,83,0,34.24
2026-06-13,RB | Traffic | Website,18.33,3235,2658,79,,
2026-06-13,RB | Sales | ASC,20.56,1961,1358,69,,
2026-06-13,"Instagram post: From the very first moment, they...",11.11,463,362,10,,
2026-06-13,Instagram post: There’s a kind of love that only...,8.93,366,317,11,,
