Date,Campaign name,Ad group name,Spend in account currency,Impressions,Reach,Outbound clicks,Saves,Engagements,Total conversions (Checkout),Total order value (Checkout)
2026-06-15,Conversions Campaign | 2026-06-14,Conversions Ad group | 2026-06-14,0.76,100,99,2,0,2,0,0
2026-06-15,Conversions Campaign | 2026-06-14,Conversions Ad group | 2026-06-14,0.76,74,75,1,0,1,0,0
2026-06-15,Conversions Campaign | 2026-06-14,Conversions Ad group | 2026-06-14,0.46,55,54,1,0,1,0,0
2026-06-15,Conversions Campaign | 2026-06-14,Conversions Ad group | 2026-06-14,0.70,72,70,0,0,0,0,0
2026-06-15,Conversions Campaign | 2026-06-14,Conversions Ad group | 2026-06-14,0.17,19,19,0,0,3,0,0
2026-06-15,Conversions Campaign | 2026-06-14,Conversions Ad group | 2026-06-14,1.04,81,80,1,0,1,0,0
2026-06-15,Conversions Campaign | 2026-06-14,Conversions Ad group | 2026-06-14,0.05,8,8,0,0,0,0,0
2026-06-15,Conversions Campaign | 2026-06-14,Conversions Audience list ad group | 2026-06-14 20:56 UTC,0.01,1,1,0,0,0,0,0
2026-06-15,Conversions Campaign | 2026-06-14,Conversions Audience list ad group | 2026-06-14 20:56 UTC,0.01,1,1,0,0,0,0,0
2026-06-15,Conversions Campaign | 2026-06-14,Conversions Ad group | 2026-06-14,0.37,45,45,1,0,1,0,0
2026-06-15,Conversions Campaign | 2026-06-14,Conversions Ad group | 2026-06-14,0.48,48,48,1,0,1,0,0
2026-06-16,Conversions Campaign | 2026-06-14,Conversions Ad group | 2026-06-14,1.82,64,48,0,0,0,0,0
2026-06-16,Conversions Campaign | 2026-06-14,Conversions Ad group | 2026-06-14,1.08,13,8,0,0,0,0,0
2026-06-16,Conversions Campaign | 2026-06-14,Conversions Ad group | 2026-06-14,0.51,15,12,0,0,0,0,0
2026-06-16,Conversions Campaign | 2026-06-14,Conversions Ad group | 2026-06-14,1.36,18,17,0,0,0,0,0
2026-06-16,Conversions Campaign | 2026-06-14,Conversions Ad group | 2026-06-14,0,1,1,0,0,0,0,0
2026-06-16,Conversions Campaign | 2026-06-14,Conversions Ad group | 2026-06-14,0.33,11,11,0,0,0,0,0
2026-06-16,Conversions Campaign | 2026-06-14,Conversions Audience list ad group | 2026-06-14 20:56 UTC,0.03,1,1,0,0,0,0,0
2026-06-16,Conversions Campaign | 2026-06-14,Conversions Audience list ad group | 2026-06-14 20:56 UTC,0.19,5,5,0,0,0,0,0
2026-06-16,Conversions Campaign | 2026-06-14,Conversions Audience list ad group | 2026-06-14 20:56 UTC,0.03,1,1,0,0,0,0,0
2026-06-16,Conversions Campaign | 2026-06-14,Conversions Audience list ad group | 2026-06-14 20:56 UTC,0.21,2,2,0,0,0,0,0
2026-06-16,Conversions Campaign | 2026-06-14,Conversions Audience list ad group | 2026-06-14 20:56 UTC,0.23,5,4,0,0,0,0,0
2026-06-16,Conversions Campaign | 2026-06-14,Conversions Ad group | 2026-06-14,2.18,54,53,0,0,0,0,0
2026-06-16,Conversions Campaign | 2026-06-14,Conversions Ad group | 2026-06-14,1.14,13,12,0,0,0,0,0
2026-06-16,Conversions Campaign | 2026-06-14,Conversions Audience list ad group | 2026-06-14 20:56 UTC,0.14,5,4,0,0,0,0,0
2026-06-16,Conversions Campaign | 2026-06-14,Conversions Audience list ad group | 2026-06-14 20:56 UTC,0.12,3,2,0,0,0,0,0
2026-06-17,Conversions Campaign | 2026-06-14,Conversions Ad group | 2026-06-14,5.04,404,394,0,0,0,0,0
2026-06-17,Conversions Campaign | 2026-06-14,Conversions Ad group | 2026-06-14,4.82,361,350,0,0,0,0,0
2026-06-17,Conversions Campaign | 2026-06-14,Conversions Ad group | 2026-06-14,1.15,139,134,0,0,0,0,0
2026-06-17,Conversions Campaign | 2026-06-14,Conversions Ad group | 2026-06-14,11.28,750,716,2,0,2,0,0
2026-06-17,Conversions Campaign | 2026-06-14,Conversions Ad group | 2026-06-14,0.24,26,26,0,0,0,0,0
2026-06-17,Conversions Campaign | 2026-06-14,Conversions Ad group | 2026-06-14,8.57,485,466,2,0,2,0,0
2026-06-17,Conversions Campaign | 2026-06-14,Conversions Ad group | 2026-06-14,0.09,15,14,0,0,0,0,0
2026-06-17,Conversions Campaign | 2026-06-14,Conversions Audience list ad group | 2026-06-14 20:56 UTC,0.15,18,17,0,0,0,0,0
2026-06-17,Conversions Campaign | 2026-06-14,Conversions Audience list ad group | 2026-06-14 20:56 UTC,0.06,14,14,0,0,0,0,0
2026-06-17,Conversions Campaign | 2026-06-14,Conversions Audience list ad group | 2026-06-14 20:56 UTC,0.16,13,13,0,0,0,0,0
2026-06-17,Conversions Campaign | 2026-06-14,Conversions Audience list ad group | 2026-06-14 20:56 UTC,0.10,19,20,0,0,0,0,0
2026-06-17,Conversions Campaign | 2026-06-14,Conversions Audience list ad group | 2026-06-14 20:56 UTC,0.18,37,35,0,0,0,0,0
2026-06-17,Conversions Campaign | 2026-06-14,Conversions Audience list ad group | 2026-06-14 20:56 UTC,0.00,1,1,0,0,0,0,0
2026-06-17,Conversions Campaign | 2026-06-14,Conversions Ad group | 2026-06-14,6.61,629,626,1,0,1,0,0
2026-06-17,Conversions Campaign | 2026-06-14,Conversions Ad group | 2026-06-14,3.76,537,522,0,0,0,0,0
2026-06-17,Conversions Campaign | 2026-06-14,Conversions Audience list ad group | 2026-06-14 20:56 UTC,0.29,32,31,0,0,0,0,0
2026-06-17,Conversions Campaign | 2026-06-14,Conversions Audience list ad group | 2026-06-14 20:56 UTC,0.11,17,17,0,0,0,0,0
2026-06-18,Conversions Campaign | 2026-06-14,Conversions Ad group | 2026-06-14,7.48,578,527,8,0,8,0,0
2026-06-18,Conversions Campaign | 2026-06-14,Conversions Ad group | 2026-06-14,7.51,592,540,3,0,3,0,0
2026-06-18,Conversions Campaign | 2026-06-14,Conversions Ad group | 2026-06-14,3.00,358,341,1,0,1,0,0
2026-06-18,Conversions Campaign | 2026-06-14,Conversions Ad group | 2026-06-14,10.78,747,702,12,0,13,0,0
2026-06-18,Conversions Campaign | 2026-06-14,Conversions Ad group | 2026-06-14,0.93,86,83,3,0,4,0,0
2026-06-18,Conversions Campaign | 2026-06-14,Conversions Ad group | 2026-06-14,4.53,446,420,5,0,6,0,0
2026-06-18,Conversions Campaign | 2026-06-14,Conversions Ad group | 2026-06-14,0.27,36,35,0,0,0,0,0
2026-06-18,Conversions Campaign | 2026-06-14,Conversions Audience list ad group | 2026-06-14 20:56 UTC,0.11,25,22,1,0,1,0,0
2026-06-18,Conversions Campaign | 2026-06-14,Conversions Audience list ad group | 2026-06-14 20:56 UTC,0.54,62,58,0,0,0,0,0
2026-06-18,Conversions Campaign | 2026-06-14,Conversions Audience list ad group | 2026-06-14 20:56 UTC,0.48,79,59,0,0,0,0,0
2026-06-18,Conversions Campaign | 2026-06-14,Conversions Audience list ad group | 2026-06-14 20:56 UTC,0.88,86,74,2,0,2,0,0
2026-06-18,Conversions Campaign | 2026-06-14,Conversions Audience list ad group | 2026-06-14 20:56 UTC,0.13,11,11,0,0,0,0,0
2026-06-18,Conversions Campaign | 2026-06-14,Conversions Audience list ad group | 2026-06-14 20:56 UTC,0.75,98,86,1,0,1,0,0
2026-06-18,Conversions Campaign | 2026-06-14,Conversions Audience list ad group | 2026-06-14 20:56 UTC,0.10,9,8,0,0,0,0,0
2026-06-18,Conversions Campaign | 2026-06-14,Conversions Ad group | 2026-06-14,2.37,263,259,1,0,1,0,0
2026-06-18,Conversions Campaign | 2026-06-14,Conversions Ad group | 2026-06-14,1.59,228,225,0,0,0,0,0
2026-06-18,Conversions Campaign | 2026-06-14,Conversions Audience list ad group | 2026-06-14 20:56 UTC,0.45,81,73,1,0,1,0,0
2026-06-18,Conversions Campaign | 2026-06-14,Conversions Audience list ad group | 2026-06-14 20:56 UTC,0.15,18,17,0,0,0,0,0
2026-06-19,Conversions Campaign | 2026-06-14,Conversions Ad group | 2026-06-14,9.95,595,532,8,0,8,0,0
2026-06-19,Conversions Campaign | 2026-06-14,Conversions Ad group | 2026-06-14,5.51,403,366,3,0,3,0,0
2026-06-19,Conversions Campaign | 2026-06-14,Conversions Ad group | 2026-06-14,0.77,189,174,1,0,1,0,0
2026-06-19,Conversions Campaign | 2026-06-14,Conversions Ad group | 2026-06-14,5.03,281,270,4,0,4,0,0
2026-06-19,Conversions Campaign | 2026-06-14,Conversions Ad group | 2026-06-14,0.75,74,70,0,0,5,0,0
2026-06-19,Conversions Campaign | 2026-06-14,Conversions Ad group | 2026-06-14,5.67,548,519,4,0,4,0,0
2026-06-19,Conversions Campaign | 2026-06-14,Conversions Ad group | 2026-06-14,0.82,65,63,1,0,4,0,0
2026-06-19,Conversions Campaign | 2026-06-14,Conversions Audience list ad group | 2026-06-14 20:56 UTC,0.23,28,27,0,0,0,0,0
2026-06-19,Conversions Campaign | 2026-06-14,Conversions Audience list ad group | 2026-06-14 20:56 UTC,2.27,122,102,1,0,1,0,0
2026-06-19,Conversions Campaign | 2026-06-14,Conversions Audience list ad group | 2026-06-14 20:56 UTC,0.64,86,74,0,0,0,0,0
2026-06-19,Conversions Campaign | 2026-06-14,Conversions Audience list ad group | 2026-06-14 20:56 UTC,2.45,158,128,0,0,0,0,0
2026-06-19,Conversions Campaign | 2026-06-14,Conversions Audience list ad group | 2026-06-14 20:56 UTC,1.72,77,69,2,0,4,0,0
2026-06-19,Conversions Campaign | 2026-06-14,Conversions Audience list ad group | 2026-06-14 20:56 UTC,1.71,234,185,2,0,2,0,0
2026-06-19,Conversions Campaign | 2026-06-14,Conversions Audience list ad group | 2026-06-14 20:56 UTC,0.38,39,35,1,0,4,0,0
2026-06-19,Conversions Campaign | 2026-06-14,Conversions Ad group | 2026-06-14,2.32,211,196,3,0,3,0,0
2026-06-19,Conversions Campaign | 2026-06-14,Conversions Ad group | 2026-06-14,0.18,25,25,0,0,0,0,0
2026-06-19,Conversions Campaign | 2026-06-14,Conversions Audience list ad group | 2026-06-14 20:56 UTC,1.19,78,70,0,0,0,0,0
2026-06-19,Conversions Campaign | 2026-06-14,Conversions Audience list ad group | 2026-06-14 20:56 UTC,0.04,7,6,0,0,0,0,0
2026-06-20,Conversions Campaign | 2026-06-14,Conversions Ad group | 2026-06-14,8.07,447,419,11,0,11,0,0
2026-06-20,Conversions Campaign | 2026-06-14,Conversions Ad group | 2026-06-14,7.01,598,522,5,0,5,0,0
2026-06-20,Conversions Campaign | 2026-06-14,Conversions Ad group | 2026-06-14,0.97,260,241,2,0,2,0,0
2026-06-20,Conversions Campaign | 2026-06-14,Conversions Ad group | 2026-06-14,2.43,199,174,1,0,1,0,0
2026-06-20,Conversions Campaign | 2026-06-14,Conversions Ad group | 2026-06-14,2.37,195,182,0,0,7,0,0
2026-06-20,Conversions Campaign | 2026-06-14,Conversions Ad group | 2026-06-14,1.44,348,337,2,0,2,0,0
2026-06-20,Conversions Campaign | 2026-06-14,Conversions Ad group | 2026-06-14,0.89,108,98,0,0,3,0,0
2026-06-20,Conversions Campaign | 2026-06-14,Conversions Audience list ad group | 2026-06-14 20:56 UTC,0.47,25,24,0,0,0,0,0
2026-06-20,Conversions Campaign | 2026-06-14,Conversions Audience list ad group | 2026-06-14 20:56 UTC,3.55,228,194,0,0,0,0,0
2026-06-20,Conversions Campaign | 2026-06-14,Conversions Audience list ad group | 2026-06-14 20:56 UTC,1.08,157,124,2,0,2,0,0
2026-06-20,Conversions Campaign | 2026-06-14,Conversions Audience list ad group | 2026-06-14 20:56 UTC,2.86,183,145,2,0,2,0,0
2026-06-20,Conversions Campaign | 2026-06-14,Conversions Audience list ad group | 2026-06-14 20:56 UTC,2.32,175,146,3,0,7,0,0
2026-06-20,Conversions Campaign | 2026-06-14,Conversions Audience list ad group | 2026-06-14 20:56 UTC,0.99,154,123,1,0,1,0,0
2026-06-20,Conversions Campaign | 2026-06-14,Conversions Audience list ad group | 2026-06-14 20:56 UTC,0.46,32,28,0,0,0,0,0
2026-06-20,Conversions Campaign | 2026-06-14,Conversions Ad group | 2026-06-14,4.23,548,501,6,0,6,0,0
2026-06-20,Conversions Campaign | 2026-06-14,Conversions Ad group | 2026-06-14,0.24,47,42,0,0,0,0,0
2026-06-20,Conversions Campaign | 2026-06-14,Conversions Audience list ad group | 2026-06-14 20:56 UTC,0.88,119,97,1,0,1,0,0
2026-06-20,Conversions Campaign | 2026-06-14,Conversions Audience list ad group | 2026-06-14 20:56 UTC,0.16,15,13,0,0,0,0,0
2026-06-21,Conversions Campaign | 2026-06-14,Conversions Ad group | 2026-06-14,5.49,313,280,5,0,5,0,0
2026-06-21,Conversions Campaign | 2026-06-14,Conversions Ad group | 2026-06-14,3.48,333,297,2,0,2,0,0
2026-06-21,Conversions Campaign | 2026-06-14,Conversions Ad group | 2026-06-14,0.93,202,185,0,0,0,0,0
2026-06-21,Conversions Campaign | 2026-06-14,Conversions Ad group | 2026-06-14,0.91,84,79,0,0,0,0,0
2026-06-21,Conversions Campaign | 2026-06-14,Conversions Ad group | 2026-06-14,1.62,96,89,2,0,5,0,0
2026-06-21,Conversions Campaign | 2026-06-14,Conversions Ad group | 2026-06-14,0.54,165,157,1,0,1,0,0
2026-06-21,Conversions Campaign | 2026-06-14,Conversions Ad group | 2026-06-14,0.21,42,36,0,0,0,0,0
2026-06-21,Conversions Campaign | 2026-06-14,Conversions Audience list ad group | 2026-06-14 20:56 UTC,0.74,31,28,0,0,0,0,0
2026-06-21,Conversions Campaign | 2026-06-14,Conversions Audience list ad group | 2026-06-14 20:56 UTC,1.90,142,125,0,0,0,0,0
2026-06-21,Conversions Campaign | 2026-06-14,Conversions Audience list ad group | 2026-06-14 20:56 UTC,0.53,121,103,0,0,0,0,0
2026-06-21,Conversions Campaign | 2026-06-14,Conversions Audience list ad group | 2026-06-14 20:56 UTC,1.22,124,104,1,0,1,0,0
2026-06-21,Conversions Campaign | 2026-06-14,Conversions Audience list ad group | 2026-06-14 20:56 UTC,0.82,91,66,2,0,5,0,0
2026-06-21,Conversions Campaign | 2026-06-14,Conversions Audience list ad group | 2026-06-14 20:56 UTC,0.51,107,88,0,0,0,0,0
2026-06-21,Conversions Campaign | 2026-06-14,Conversions Audience list ad group | 2026-06-14 20:56 UTC,0.17,28,16,0,0,3,0,0
2026-06-21,Conversions Campaign | 2026-06-14,Conversions Ad group | 2026-06-14,4.22,626,562,3,1,4,0,0
2026-06-21,Conversions Campaign | 2026-06-14,Conversions Ad group | 2026-06-14,0.40,34,32,0,0,0,0,0
2026-06-21,Conversions Campaign | 2026-06-14,Conversions Audience list ad group | 2026-06-14 20:56 UTC,1.30,136,109,2,0,2,0,0
2026-06-21,Conversions Campaign | 2026-06-14,Conversions Audience list ad group | 2026-06-14 20:56 UTC,0.31,17,15,0,0,0,0,0
2026-06-21,Awareness_22.6.26,Awareness_Ad Group,0.04,20,20,0,0,0,0,0
2026-06-21,Awareness_22.6.26,Awareness_Ad Group,0,1,1,0,0,0,0,0
2026-06-21,Awareness_22.6.26,Awareness_Ad Group,0.12,27,28,0,0,0,0,0
2026-06-21,Awareness_22.6.26,Awareness_Ad Group,0.01,6,6,0,0,0,0,0
2026-06-21,Awareness_22.6.26,Awareness_Ad Group,0.11,28,28,0,0,0,0,0
2026-06-21,Awareness_22.6.26,Awareness_Ad Group,0.39,86,82,0,0,0,0,0
2026-06-21,Awareness_22.6.26,Awareness_Ad Group,0.03,12,12,0,0,0,0,0
2026-06-21,Awareness_22.6.26,Awareness_Ad Group,1.38,297,276,0,0,1,0,0
2026-06-21,Awareness_22.6.26,Awareness_Ad Group,0.02,10,10,0,0,0,0,0
2026-06-21,Awareness_22.6.26,Awareness_Ad Group,0.00,1,1,0,0,0,0,0
2026-06-21,Awareness_22.6.26,Awareness_Ad Group,0.03,7,7,0,0,0,0,0
2026-06-21,Awareness_22.6.26,Awareness_Ad Group,0.16,41,40,0,0,0,0,0
2026-06-22,Conversions Campaign | 2026-06-14,Conversions Ad group | 2026-06-14,1.82,91,80,2,0,2,0,0
2026-06-22,Conversions Campaign | 2026-06-14,Conversions Ad group | 2026-06-14,1.56,114,103,0,0,0,0,0
2026-06-22,Conversions Campaign | 2026-06-14,Conversions Ad group | 2026-06-14,0.31,50,44,1,0,1,0,0
2026-06-22,Conversions Campaign | 2026-06-14,Conversions Ad group | 2026-06-14,0.45,49,48,0,0,0,0,0
2026-06-22,Conversions Campaign | 2026-06-14,Conversions Ad group | 2026-06-14,0.12,22,20,0,0,0,0,0
2026-06-22,Conversions Campaign | 2026-06-14,Conversions Ad group | 2026-06-14,0.24,58,55,0,0,0,0,0
2026-06-22,Conversions Campaign | 2026-06-14,Conversions Ad group | 2026-06-14,0.15,21,19,0,0,0,0,0
2026-06-22,Conversions Campaign | 2026-06-14,Conversions Audience list ad group | 2026-06-14 20:56 UTC,0.09,11,11,0,0,0,0,0
2026-06-22,Conversions Campaign | 2026-06-14,Conversions Audience list ad group | 2026-06-14 20:56 UTC,0.86,38,36,0,0,0,0,0
2026-06-22,Conversions Campaign | 2026-06-14,Conversions Audience list ad group | 2026-06-14 20:56 UTC,0.14,32,27,0,0,0,0,0
2026-06-22,Conversions Campaign | 2026-06-14,Conversions Audience list ad group | 2026-06-14 20:56 UTC,0.29,19,17,0,0,0,0,0
2026-06-22,Conversions Campaign | 2026-06-14,Conversions Audience list ad group | 2026-06-14 20:56 UTC,0.18,12,10,0,0,0,0,0
2026-06-22,Conversions Campaign | 2026-06-14,Conversions Audience list ad group | 2026-06-14 20:56 UTC,0.18,39,34,1,0,1,0,0
2026-06-22,Conversions Campaign | 2026-06-14,Conversions Audience list ad group | 2026-06-14 20:56 UTC,0.05,8,8,0,0,0,0,0
2026-06-22,Conversions Campaign | 2026-06-14,Conversions Ad group | 2026-06-14,2.81,258,227,4,0,4,0,0
2026-06-22,Conversions Campaign | 2026-06-14,Conversions Ad group | 2026-06-14,0.04,8,8,0,0,0,0,0
2026-06-22,Conversions Campaign | 2026-06-14,Conversions Audience list ad group | 2026-06-14 20:56 UTC,0.78,74,62,2,0,2,0,0
2026-06-22,Conversions Campaign | 2026-06-14,Conversions Audience list ad group | 2026-06-14 20:56 UTC,0.09,8,6,0,0,0,0,0
2026-06-22,Awareness_22.6.26,Awareness_Ad Group,1.32,299,285,0,0,0,0,0
2026-06-22,Awareness_22.6.26,Awareness_Ad Group,0.49,116,115,0,0,0,0,0
2026-06-22,Awareness_22.6.26,Awareness_Ad Group,0.15,39,40,0,0,0,0,0
2026-06-22,Awareness_22.6.26,Awareness_Ad Group,0.15,35,35,0,0,0,0,0
2026-06-22,Awareness_22.6.26,Awareness_Ad Group,1.10,284,244,0,0,0,0,0
2026-06-22,Awareness_22.6.26,Awareness_Ad Group,4.02,648,608,0,0,0,0,0
2026-06-22,Awareness_22.6.26,Awareness_Ad Group,0.42,88,87,0,0,0,0,0
2026-06-22,Awareness_22.6.26,Awareness_Ad Group,0.88,217,202,0,0,0,0,0
2026-06-22,Awareness_22.6.26,Awareness_Ad Group,0.26,59,55,0,0,0,0,0
2026-06-22,Awareness_22.6.26,Awareness_Ad Group,0.73,170,155,0,0,0,0,0
2026-06-22,Awareness_22.6.26,Awareness_Ad Group,0.28,57,55,0,0,0,0,0
2026-06-22,Awareness_22.6.26,Awareness_Ad Group,4.81,1209,1042,0,0,0,0,0
2026-06-22,Awareness_22.6.26,Awareness_Ad Group,0.19,46,45,0,0,0,0,0
2026-06-22,Awareness_22.6.26,Awareness_Ad Group,0.12,28,27,0,0,0,0,0
2026-06-22,Awareness_22.6.26,Awareness_Ad Group,0.25,56,51,0,0,0,0,0
2026-06-22,Awareness_22.6.26,Awareness_Ad Group,0.20,42,41,0,0,0,0,0
2026-06-22,Awareness_22.6.26,Awareness_Ad Group,0.10,21,20,0,0,0,0,0
2026-06-22,Awareness_22.6.26,Awareness_Ad Group,0.30,67,63,0,0,0,0,0
2026-06-22,Awareness_22.6.26,Awareness_Ad Group,0.06,14,14,0,0,0,0,0
2026-06-22,Awareness_22.6.26,Awareness_Ad Group,2.42,591,546,0,0,0,0,0
2026-06-22,Awareness_22.6.26,Awareness_Ad Group,0.14,34,34,0,0,0,0,0
2026-06-22,Awareness_22.6.26,Awareness_Ad Group,0.64,156,151,0,0,0,0,0
2026-06-22,Awareness_22.6.26,Awareness_Ad Group,0.06,14,14,0,0,0,0,0
2026-06-22,Awareness_22.6.26,Awareness_Ad Group,0.83,211,203,0,0,1,0,0
2026-06-22,Awareness_22.6.26,Awareness_Ad Group,0.27,76,74,0,0,0,0,0
2026-06-22,Awareness_22.6.26,Awareness_Ad Group,0.40,97,90,0,0,0,0,0
2026-06-23,Conversions Campaign | 2026-06-14,Conversions Ad group | 2026-06-14,0.58,76,66,0,0,0,0,0
2026-06-23,Conversions Campaign | 2026-06-14,Conversions Ad group | 2026-06-14,1.52,72,67,0,0,0,1,59.96
2026-06-23,Conversions Campaign | 2026-06-14,Conversions Ad group | 2026-06-14,0.15,53,43,0,0,0,0,0
2026-06-23,Conversions Campaign | 2026-06-14,Conversions Ad group | 2026-06-14,0.14,21,21,0,0,0,0,0
2026-06-23,Conversions Campaign | 2026-06-14,Conversions Ad group | 2026-06-14,0.57,35,30,0,0,3,0,0
2026-06-23,Conversions Campaign | 2026-06-14,Conversions Ad group | 2026-06-14,0.25,61,58,0,0,0,0,0
2026-06-23,Conversions Campaign | 2026-06-14,Conversions Ad group | 2026-06-14,0.02,10,10,0,0,0,0,0
2026-06-23,Conversions Campaign | 2026-06-14,Conversions Audience list ad group | 2026-06-14 20:56 UTC,0.04,9,8,0,0,0,0,0
2026-06-23,Conversions Campaign | 2026-06-14,Conversions Audience list ad group | 2026-06-14 20:56 UTC,0.23,16,16,0,0,0,0,0
2026-06-23,Conversions Campaign | 2026-06-14,Conversions Audience list ad group | 2026-06-14 20:56 UTC,0.10,24,21,0,0,0,0,0
2026-06-23,Conversions Campaign | 2026-06-14,Conversions Audience list ad group | 2026-06-14 20:56 UTC,0.15,12,12,0,0,0,0,0
2026-06-23,Conversions Campaign | 2026-06-14,Conversions Audience list ad group | 2026-06-14 20:56 UTC,0.19,9,9,0,0,0,0,0
2026-06-23,Conversions Campaign | 2026-06-14,Conversions Audience list ad group | 2026-06-14 20:56 UTC,0.13,48,43,2,0,2,0,0
2026-06-23,Conversions Campaign | 2026-06-14,Conversions Audience list ad group | 2026-06-14 20:56 UTC,0.08,15,12,0,0,0,0,0
2026-06-23,Conversions Campaign | 2026-06-14,Conversions Ad group | 2026-06-14,2.04,274,249,1,0,1,1,799.00
2026-06-23,Conversions Campaign | 2026-06-14,Conversions Ad group | 2026-06-14,0.18,17,16,0,0,0,0,0
2026-06-23,Conversions Campaign | 2026-06-14,Conversions Audience list ad group | 2026-06-14 20:56 UTC,0.79,89,69,2,1,3,0,0
2026-06-23,Conversions Campaign | 2026-06-14,Conversions Audience list ad group | 2026-06-14 20:56 UTC,0.09,10,10,0,0,0,0,0
2026-06-23,Awareness_22.6.26,Awareness_Ad Group,0.31,89,89,0,0,0,0,0
2026-06-23,Awareness_22.6.26,Awareness_Ad Group,0.54,156,147,0,0,0,0,0
2026-06-23,Awareness_22.6.26,Awareness_Ad Group,0.26,78,77,0,0,0,0,0
2026-06-23,Awareness_22.6.26,Awareness_Ad Group,0.59,178,170,0,0,0,0,0
2026-06-23,Awareness_22.6.26,Awareness_Ad Group,1.48,418,388,0,0,0,0,0
2026-06-23,Awareness_22.6.26,Awareness_Ad Group,4.09,660,633,0,0,2,0,0
2026-06-23,Awareness_22.6.26,Awareness_Ad Group,0.16,44,42,0,0,0,0,0
2026-06-23,Awareness_22.6.26,Awareness_Ad Group,0.90,242,230,0,0,0,0,0
2026-06-23,Awareness_22.6.26,Awareness_Ad Group,0.06,19,19,0,0,0,0,0
2026-06-23,Awareness_22.6.26,Awareness_Ad Group,0.37,110,106,0,0,0,0,0
2026-06-23,Awareness_22.6.26,Awareness_Ad Group,0.08,23,23,0,0,0,0,0
2026-06-23,Awareness_22.6.26,Awareness_Ad Group,4.52,1223,1097,0,1,3,0,0
2026-06-23,Awareness_22.6.26,Awareness_Ad Group,0.17,44,46,0,0,0,0,0
2026-06-23,Awareness_22.6.26,Awareness_Ad Group,0.10,27,26,0,0,0,0,0
2026-06-23,Awareness_22.6.26,Awareness_Ad Group,0.07,23,23,0,0,0,0,0
2026-06-23,Awareness_22.6.26,Awareness_Ad Group,0.06,17,17,0,0,0,0,0
2026-06-23,Awareness_22.6.26,Awareness_Ad Group,0.04,15,14,0,0,0,0,0
2026-06-23,Awareness_22.6.26,Awareness_Ad Group,0.13,40,40,0,0,0,0,0
2026-06-23,Awareness_22.6.26,Awareness_Ad Group,0.06,20,19,0,0,0,0,0
2026-06-23,Awareness_22.6.26,Awareness_Ad Group,3.29,816,725,0,0,0,0,0
2026-06-23,Awareness_22.6.26,Awareness_Ad Group,0.29,95,94,0,0,0,0,0
2026-06-23,Awareness_22.6.26,Awareness_Ad Group,0.47,126,124,0,0,0,0,0
2026-06-23,Awareness_22.6.26,Awareness_Ad Group,0.11,35,33,0,0,0,0,0
2026-06-23,Awareness_22.6.26,Awareness_Ad Group,0.86,235,223,0,0,0,0,0
2026-06-23,Awareness_22.6.26,Awareness_Ad Group,0.16,42,43,0,0,0,0,0
2026-06-23,Awareness_22.6.26,Awareness_Ad Group,0.84,263,253,0,0,0,0,0
2026-06-23,Sales Campaign | 2026-06-23 | Pinterest performance+ on,Sales Ad group | 2026-06-23 |  Pinterest performance+ on,0.12,13,13,0,0,0,0,0
2026-06-23,Sales Campaign | 2026-06-23 | Pinterest performance+ on,Sales Ad group | 2026-06-23 |  Pinterest performance+ on,0.26,7,7,0,0,0,0,0
2026-06-23,Sales Campaign | 2026-06-23 | Pinterest performance+ on,Sales Ad group | 2026-06-23 |  Pinterest performance+ on,0.00,2,2,0,0,0,0,0
2026-06-23,Sales Campaign | 2026-06-23 | Pinterest performance+ on,Sales Ad group | 2026-06-23 |  Pinterest performance+ on,0.00,2,2,0,0,0,0,0
2026-06-23,Sales Campaign | 2026-06-23 | Pinterest performance+ on,Sales Ad group | 2026-06-23 |  Pinterest performance+ on,0.13,2,2,0,0,0,0,0
2026-06-23,Sales Campaign | 2026-06-23 | Pinterest performance+ on,Sales Ad group | 2026-06-23 |  Pinterest performance+ on,0.09,11,11,0,0,0,0,0
2026-06-23,Sales Campaign | 2026-06-23 | Pinterest performance+ on,Sales Ad group | 2026-06-23 |  Pinterest performance+ on,0.00,3,3,0,0,0,0,0
2026-06-23,Sales Campaign | 2026-06-23 | Pinterest performance+ on,Sales Ad group | 2026-06-23 |  Pinterest performance+ on,0.02,2,2,0,0,0,0,0
2026-06-23,Sales Campaign | 2026-06-23 | Pinterest performance+ on,Sales Ad group | 2026-06-23 |  Pinterest performance+ on,0.17,16,16,0,0,0,0,0
2026-06-24,Awareness_22.6.26,Awareness_Ad Group,0.20,50,50,0,0,0,0,0
2026-06-24,Awareness_22.6.26,Awareness_Ad Group,0.34,88,86,0,0,0,0,0
2026-06-24,Awareness_22.6.26,Awareness_Ad Group,0.43,117,110,0,0,0,0,0
2026-06-24,Awareness_22.6.26,Awareness_Ad Group,0.82,205,192,0,0,0,0,0
2026-06-24,Awareness_22.6.26,Awareness_Ad Group,1.06,282,264,0,0,0,0,0
2026-06-24,Awareness_22.6.26,Awareness_Ad Group,4.76,766,715,0,0,0,0,0
2026-06-24,Awareness_22.6.26,Awareness_Ad Group,0.13,35,34,0,0,0,0,0
2026-06-24,Awareness_22.6.26,Awareness_Ad Group,0.97,219,210,0,0,0,0,0
2026-06-24,Awareness_22.6.26,Awareness_Ad Group,0.04,11,11,0,0,0,0,0
2026-06-24,Awareness_22.6.26,Awareness_Ad Group,0.41,97,88,0,0,0,0,0
2026-06-24,Awareness_22.6.26,Awareness_Ad Group,0.04,10,10,0,0,0,0,0
2026-06-24,Awareness_22.6.26,Awareness_Ad Group,4.49,1059,966,0,0,0,0,0
2026-06-24,Awareness_22.6.26,Awareness_Ad Group,0.11,26,24,0,0,0,0,0
2026-06-24,Awareness_22.6.26,Awareness_Ad Group,0.07,19,18,0,0,0,0,0
2026-06-24,Awareness_22.6.26,Awareness_Ad Group,0.05,15,15,0,0,0,0,0
2026-06-24,Awareness_22.6.26,Awareness_Ad Group,0.04,10,10,0,0,0,0,0
2026-06-24,Awareness_22.6.26,Awareness_Ad Group,0.03,9,9,0,0,0,0,0
2026-06-24,Awareness_22.6.26,Awareness_Ad Group,0.11,27,27,0,0,0,0,0
2026-06-24,Awareness_22.6.26,Awareness_Ad Group,0.04,9,9,0,0,0,0,0
2026-06-24,Awareness_22.6.26,Awareness_Ad Group,3.05,660,620,0,0,0,0,0
2026-06-24,Awareness_22.6.26,Awareness_Ad Group,0.32,79,74,0,0,0,0,0
2026-06-24,Awareness_22.6.26,Awareness_Ad Group,0.42,98,94,0,0,0,0,0
2026-06-24,Awareness_22.6.26,Awareness_Ad Group,0.08,22,21,0,0,0,0,0
2026-06-24,Awareness_22.6.26,Awareness_Ad Group,0.87,207,198,0,0,0,0,0
2026-06-24,Awareness_22.6.26,Awareness_Ad Group,0.20,57,55,0,0,0,0,0
2026-06-24,Awareness_22.6.26,Awareness_Ad Group,1.04,302,266,0,0,0,0,0
2026-06-24,Sales Campaign | 2026-06-23 | Pinterest performance+ on,Sales Ad group | 2026-06-23 |  Pinterest performance+ on,0.58,55,50,0,0,0,0,0
2026-06-24,Sales Campaign | 2026-06-23 | Pinterest performance+ on,Sales Ad group | 2026-06-23 |  Pinterest performance+ on,6.40,626,535,8,2,10,0,0
2026-06-24,Sales Campaign | 2026-06-23 | Pinterest performance+ on,Sales Ad group | 2026-06-23 |  Pinterest performance+ on,2.15,90,85,2,0,2,0,0
2026-06-24,Sales Campaign | 2026-06-23 | Pinterest performance+ on,Sales Ad group | 2026-06-23 |  Pinterest performance+ on,0.36,58,57,0,0,0,0,0
2026-06-24,Sales Campaign | 2026-06-23 | Pinterest performance+ on,Sales Ad group | 2026-06-23 |  Pinterest performance+ on,1.09,121,104,0,0,0,0,0
2026-06-24,Sales Campaign | 2026-06-23 | Pinterest performance+ on,Sales Ad group | 2026-06-23 |  Pinterest performance+ on,3.27,133,118,0,0,0,0,0
2026-06-24,Sales Campaign | 2026-06-23 | Pinterest performance+ on,Sales Ad group | 2026-06-23 |  Pinterest performance+ on,0.62,114,98,3,0,3,0,0
2026-06-24,Sales Campaign | 2026-06-23 | Pinterest performance+ on,Sales Ad group | 2026-06-23 |  Pinterest performance+ on,1.72,109,101,1,0,1,0,0
2026-06-24,Sales Campaign | 2026-06-23 | Pinterest performance+ on,Sales Ad group | 2026-06-23 |  Pinterest performance+ on,0.68,37,33,0,0,0,0,0
2026-06-24,Sales Campaign | 2026-06-23 | Pinterest performance+ on,Sales Ad group | 2026-06-23 |  Pinterest performance+ on,0.74,57,54,0,0,0,0,0
2026-06-24,Sales Campaign | 2026-06-23 | Pinterest performance+ on,Sales Ad group | 2026-06-23 |  Pinterest performance+ on,1.57,194,174,1,0,1,0,0
2026-06-24,Sales Campaign | 2026-06-23 | Pinterest performance+ on,Sales Ad group | 2026-06-23 |  Pinterest performance+ on,0.31,34,27,1,0,1,0,0
2026-06-24,Sales Campaign | 2026-06-23 | Pinterest performance+ on,Sales Ad group | 2026-06-23 |  Pinterest performance+ on,1.54,51,47,1,0,1,0,0
2026-06-25,Awareness_22.6.26,Awareness_Ad Group,0.08,20,20,0,0,0,0,0
2026-06-25,Awareness_22.6.26,Awareness_Ad Group,0.14,39,37,0,0,0,0,0
2026-06-25,Awareness_22.6.26,Awareness_Ad Group,0.22,58,58,0,0,0,0,0
2026-06-25,Awareness_22.6.26,Awareness_Ad Group,0.40,99,92,0,0,0,0,0
2026-06-25,Awareness_22.6.26,Awareness_Ad Group,0.24,68,58,0,0,0,0,0
2026-06-25,Awareness_22.6.26,Awareness_Ad Group,1.27,204,197,0,0,0,0,0
2026-06-25,Awareness_22.6.26,Awareness_Ad Group,0.01,3,3,0,0,0,0,0
2026-06-25,Awareness_22.6.26,Awareness_Ad Group,0.56,124,115,0,0,0,0,0
2026-06-25,Awareness_22.6.26,Awareness_Ad Group,0.00,1,1,0,0,0,0,0
2026-06-25,Awareness_22.6.26,Awareness_Ad Group,0.08,18,18,0,0,0,0,0
2026-06-25,Awareness_22.6.26,Awareness_Ad Group,0.00,2,2,0,0,0,0,0
2026-06-25,Awareness_22.6.26,Awareness_Ad Group,0.38,103,99,0,0,0,0,0
2026-06-25,Awareness_22.6.26,Awareness_Ad Group,0.02,5,5,0,0,0,0,0
2026-06-25,Awareness_22.6.26,Awareness_Ad Group,0.02,4,4,0,0,0,0,0
2026-06-25,Awareness_22.6.26,Awareness_Ad Group,0.01,4,4,0,0,0,0,0
2026-06-25,Awareness_22.6.26,Awareness_Ad Group,0.03,7,7,0,0,0,0,0
2026-06-25,Awareness_22.6.26,Awareness_Ad Group,0.00,1,1,0,0,0,0,0
2026-06-25,Awareness_22.6.26,Awareness_Ad Group,0.03,7,7,0,0,0,0,0
2026-06-25,Awareness_22.6.26,Awareness_Ad Group,0.00,2,2,0,0,0,0,0
2026-06-25,Awareness_22.6.26,Awareness_Ad Group,0.62,124,117,0,0,0,0,0
2026-06-25,Awareness_22.6.26,Awareness_Ad Group,0.13,33,33,0,0,0,0,0
2026-06-25,Awareness_22.6.26,Awareness_Ad Group,0.13,32,31,0,0,0,0,0
2026-06-25,Awareness_22.6.26,Awareness_Ad Group,0.07,18,18,0,0,0,0,0
2026-06-25,Awareness_22.6.26,Awareness_Ad Group,0.38,91,87,0,0,0,0,0
2026-06-25,Awareness_22.6.26,Awareness_Ad Group,0.15,36,33,0,0,0,0,0
2026-06-25,Awareness_22.6.26,Awareness_Ad Group,0.51,148,135,0,0,0,0,0
2026-06-25,Sales Campaign | 2026-06-23 | Pinterest performance+ on,Sales Ad group | 2026-06-23 |  Pinterest performance+ on,0.06,9,7,0,0,0,0,0
2026-06-25,Sales Campaign | 2026-06-23 | Pinterest performance+ on,Sales Ad group | 2026-06-23 |  Pinterest performance+ on,3.29,279,240,2,0,2,0,0
2026-06-25,Sales Campaign | 2026-06-23 | Pinterest performance+ on,Sales Ad group | 2026-06-23 |  Pinterest performance+ on,0.21,35,30,1,0,1,0,0
2026-06-25,Sales Campaign | 2026-06-23 | Pinterest performance+ on,Sales Ad group | 2026-06-23 |  Pinterest performance+ on,0.55,53,46,0,0,0,0,0
2026-06-25,Sales Campaign | 2026-06-23 | Pinterest performance+ on,Sales Ad group | 2026-06-23 |  Pinterest performance+ on,0.29,44,36,0,0,0,0,0
2026-06-25,Sales Campaign | 2026-06-23 | Pinterest performance+ on,Sales Ad group | 2026-06-23 |  Pinterest performance+ on,0.52,33,32,0,0,0,0,0
2026-06-25,Sales Campaign | 2026-06-23 | Pinterest performance+ on,Sales Ad group | 2026-06-23 |  Pinterest performance+ on,0.13,37,32,0,0,0,0,0
2026-06-25,Sales Campaign | 2026-06-23 | Pinterest performance+ on,Sales Ad group | 2026-06-23 |  Pinterest performance+ on,0.39,36,29,0,0,0,0,0
2026-06-25,Sales Campaign | 2026-06-23 | Pinterest performance+ on,Sales Ad group | 2026-06-23 |  Pinterest performance+ on,0.30,21,21,0,0,0,0,0
2026-06-25,Sales Campaign | 2026-06-23 | Pinterest performance+ on,Sales Ad group | 2026-06-23 |  Pinterest performance+ on,0.33,20,18,0,0,0,0,0
2026-06-25,Sales Campaign | 2026-06-23 | Pinterest performance+ on,Sales Ad group | 2026-06-23 |  Pinterest performance+ on,0.20,49,44,0,0,0,0,0
2026-06-25,Sales Campaign | 2026-06-23 | Pinterest performance+ on,Sales Ad group | 2026-06-23 |  Pinterest performance+ on,0.52,9,7,0,0,0,0,0
2026-06-25,Sales Campaign | 2026-06-23 | Pinterest performance+ on,Sales Ad group | 2026-06-23 |  Pinterest performance+ on,0.32,17,16,0,0,0,0,0
2026-06-26,Sales Campaign | 2026-06-23 | Pinterest performance+ on,Sales Ad group | 2026-06-23 |  Pinterest performance+ on,0,1,1,0,0,0,0,0
